"","q10_q103.1_corr","q10_q103.2_corr","q10_q103.3_corr","q10_q103.4_corr","q10_q103.5_corr","q10_q103.6_corr","q10_q103.7_corr","q7_q103.1_corr","q7_q103.2_corr","q7_q103.3_corr","q7_q103.4_corr","q7_q103.5_corr","q7_q103.6_corr","q7_q103.7_corr","q3_q103.1_corr","q3_q103.2_corr","q3_q103.3_corr","q3_q103.4_corr","q3_q103.5_corr","q3_q103.6_corr","q3_q103.7_corr","q3_q24_corr","q3_q31_corr","q3_q32_corr","q3_q108_corr","q3_q113_corr","q3_q51_corr","q3_q110_corr","q3_q26_corr","q3_q30_corr","q3_q37_corr","q3_q40_corr","q3_q46_corr","q3_q52_corr","q3_q58_corr","q3_q23_corr","q3_q27_corr","q3_q33_corr","q3_q38_corr","q3_q45_corr","q3_q56_corr","q3_q29_corr","q3_q35_corr","q3_q41_corr","q3_q47_corr","q3_q53_corr","q3_q59_corr"
"1",0.0707924833781853,-0.326596476000704,-0.182811061235832,-0.164506275900209,-0.0780910156727548,-0.135347361166018,-0.0538680234098164,-0.0272394912205818,-0.130358962004447,-0.00180158248443725,-0.133697419571209,-0.0561529442963871,-0.399213242956636,0.117312573202308,-0.0640520141297165,-0.0466471196144644,-0.109800106708138,-0.023172612484027,0.125793017665798,0.108677349009337,-0.13653277093165,-0.0582893087830045,0.095821180559067,0.011385650564747,-0.0119276300532835,-0.0230655448165989,-0.204478585734175,0.0435251423499819,-0.0693822478601002,0.00213351604447148,-0.114549093615254,-0.151519529599091,-0.0029850509373986,-0.252986574542823,0.109337321503644,-0.0445273560599632,0.293163583599699,0.281851163053666,0.172174907656183,0.263673852193456,0.209336618645476,-0.0136267507113132,0.056560770139401,-0.0904021728908387,0.0829209661514274,0.146753785506214,0.234822918819232
"2",-0.224640392407113,-0.325161482129888,-0.325958333291141,-0.212790850109199,-0.134262359318363,-0.207363676219307,0.0157638579786476,-0.0393492877986818,-0.207495954722208,-0.26147895710327,-0.205949978889626,0.00668526270464876,-0.289350593597425,-0.143520650182114,0.195982861578033,-0.170240154047695,-0.131320488169913,0.0136082167030059,0.288839818752668,0.190025584618442,-0.241843314021563,0.110273783565355,0.114954525237471,0.0693307910953115,-0.264815087896963,0.16656303223315,-0.0640527845768089,0.150827747535527,-0.0161414475559029,-0.165286859749151,-0.182545987643908,-0.13595447510465,-0.000580507136605587,-0.234686732921196,-9.2680139758285e-05,0.0460372087736562,0.297447362899818,0.232188245531271,0.100665558086792,0.39031214041067,0.221562996792098,0.034701261790849,0.183758213427689,-0.0272811366652656,0.245249564177835,-0.250318635184429,0.0520079820625383
"3",-0.246564986398319,-0.109942955461184,-0.370243439274848,-0.2989462285524,-0.360225022534546,-0.0821735462097468,0.161714343902449,-0.0974099977091745,-0.0176413366026463,-0.149691319645169,-0.0881733106460247,0.109856178167051,-0.233537971839514,0.0139360133625249,-0.199266571804335,-0.297457808718646,-0.216406317435917,0.145178866564869,0.161461528322797,-0.123908858725719,-0.00192239047760687,0.00983455470603548,-0.156844493658546,0.0582710581479753,-0.0474201937049151,0.0657178378455129,-0.139539334595025,0.162474136777862,-0.110562129799485,-0.130165768838408,-0.112523424747867,-0.0865862711358194,0.00991587686221021,-0.114697698833287,0.0626232761642236,0.00379560432914089,0.174963103462515,0.208254551670429,0.100880858166529,0.188420962235531,0.0982941593274615,0.112410219686322,0.0281727901558487,-0.10471535645863,-0.0265593051161296,-0.125815927806895,0.0622473216531723
"4",-0.0315883353753438,-0.130660867247802,-0.38796167201218,-0.115973972846185,-0.134293786241017,-0.0840194531063539,0.00112342935111187,-2.27286458689671e-20,-0.0807411966597141,-0.111560372765927,-0.0369594214171611,0.113512228074941,-0.181070433905337,0.0979389375469333,-0.0932528780722955,-0.0991385881960117,-0.0574979514162188,0.160365420975823,0.0620675825986808,-0.151875842146286,0.0299575490008176,-0.0562227078674972,-0.186655552642857,0.0212478134965895,-0.126072856191283,-0.0456704375535264,-0.158896848149614,-0.0811120264338074,-0.0461839089007059,-0.133451781813093,-0.102666326508644,0.0739622384991461,0.139651128906019,-0.284072319890341,0.0941592415164672,-0.0687566871749048,0.286990408771356,0.201932707472011,0.13621140957596,0.249848168591875,0.26587284650387,-0.0974513341836339,-0.0107655145294332,0.0670940926438212,-0.0344115062346767,-0.0598105688429501,0.257262730415911
"5",0.0832719303939658,-0.071936974061578,-0.337180431846866,-0.263689217192074,-0.0999053529613955,-0.0261955106677401,-0.0709453952154348,-0.0311650131264283,0.0545060474014254,-0.0227888007983026,-0.161039539680207,-0.0747455916345796,-0.272489054941137,-0.00229269847010917,0.0463680856139703,-0.0606015994900898,-0.209093736823976,0.14440358123499,0.184570648782065,0.183402468257376,-0.13353909625182,-0.109031704077691,-0.122279106361892,0.0156260121608804,-0.207826871793298,0.0620646794386226,-0.065243952064183,0.100678035591998,-0.17510407378467,-0.0951874982045898,-0.187661524399539,-0.169014090048842,0.251913366650668,-0.189969251561488,0.238361538307054,0.200187495043259,0.234217750666052,0.279402159571439,0.0961153595706176,0.0170180910287038,0.278173631910418,-0.202761933893563,-0.00634788732840494,-0.0640347058146597,-0.00771368201283514,-0.197885186599055,0.0757873788622158
"6",-0.109910301471669,-0.194931623968073,-0.456116743135102,-0.241819824080168,0.0139804163677732,-0.0116844402453165,0.136631191175503,0.0608839534849879,-0.161963084729,-0.192774405747309,0.0406543206261102,0.016125467634246,-0.159342368032623,0.05768011960562,-0.00711731774089902,-0.338673703586536,0.094713438278099,-0.00633708055198799,0.122441157424856,-0.0623841924213892,-0.00806253243280272,-0.214558939797714,-0.287210863795133,0.0223676542080769,0.0176218466568801,0.185134685095847,0.0190464572202378,0.133497748653411,-0.176960411315002,-0.126059601095175,-0.0665492251987783,-0.222783197169752,0.00542543785975191,-0.18544351951858,0.0498703288356994,0.0203933480256129,0.317939334450259,0.126869699278812,0.172241283172301,0.172784464059664,0.14892119699348,-0.0520332592302022,-0.113310370364103,-0.0573996765848957,0.00600911827035412,-0.053945231817016,0.142750108393662
"7",-0.0880203888904315,-0.366775249068003,-0.322917467154303,0.0275871060411844,-0.111371961711439,-0.0673419994214472,-0.00244041091998817,0.0874557690050947,0.172313186747484,-0.142516709115188,-0.25631068508013,0.0522846808353227,-0.303302647925462,-0.114600210537152,0.0362721301495231,-0.229736792592938,-0.19181678348512,0.104434094425002,0.0284944071554795,-0.0543065073798933,-0.190527884247311,-0.0852731049100727,-0.096865366252613,0.0818909494621604,-0.242097910542146,-0.0210111043191104,0.0320855709750325,0.161503870582785,-0.0400489572897107,-0.0708435641657504,-0.180871389101242,-0.291411142112443,-0.190125066689289,-0.341528657841506,-0.00169145193923716,-0.116594692979723,-0.00985320911241416,0.249734846105128,0.0798406964494785,0.402538846644935,0.202307982862669,-0.0529031100512571,0.0300121651318488,0.0583732603286538,0.180654841962075,0.093276262554196,0.0878557676446348
"8",-0.0171929468989956,-0.210865605578964,-0.352783129161022,-0.296413096351388,-0.119043630930758,-0.126124898082138,-0.00617143023912054,0.0828174022433974,-0.198628585764414,-0.148599118618256,0.0807872228775331,-0.105166096409924,-0.120803773256426,-0.112496584976933,0.0589850584100107,-0.148916049620541,0.0575074002275543,0.203599351637021,0.0986886286024714,0.119266494442762,-0.190120337490129,-0.0246163524470878,-0.0502689942091264,-0.146336002908471,-0.0952143706560281,0.159495364382011,0.0128291660902679,-0.228323600008439,-0.205535987810587,-0.147193139906396,-0.202677434523917,0.144951620185823,0.267746877519309,-0.0704221666316551,0.00238373867890351,0.224724643146807,0.281984491561623,0.36849691913196,0.0639054051536622,0.214967595545848,0.208926877303093,-0.248479687912743,0.108726625195021,-0.0767957146879129,0.199710333066638,-0.0830749822088735,0.0559413618603194
"9",-0.116363273233856,-0.149066895774646,-0.229749439578491,-0.3750230060109,-0.139317473658272,-0.105278059859361,-0.13403182590358,0.0111880905573293,-0.0148961999725068,-0.178548967665533,-0.137927109403738,-0.179299856299385,-0.120728579665326,-0.0450177671176488,0.0776232848273562,-0.0986876900410951,-0.140369309403498,0.0853824491923853,0.211482658134259,0.00341134137706494,-0.0966998613761992,-0.185124285185822,0.0708830526411548,-0.00953010642068346,-0.112510073914366,0.14062698356938,-0.161154525585386,0.101938408627154,-0.226619398020539,-0.110276284220363,-0.00979800535233291,-0.293234898515683,-0.0326533456577988,-0.210559502846057,0.147686583030882,-0.0540420218634418,0.105535503319619,0.186347815568742,0.0676726409934769,0.149715141723358,0.281649665215744,-0.0472669743465454,0.0815744687951565,-0.0504791170113237,0.189458799022824,-0.0768750915095592,0.117014715806725
"10",-0.0351983621650201,-0.107858112828557,-0.275648507103996,-0.19487226180275,-0.107757655282507,-0.181551917986087,-0.0634907815365192,0.145577014488582,0.14029951034524,-0.0344399274847287,-0.117400458908065,-0.140998356227725,-0.275097859164313,-0.0436198458115953,0.221495150603748,-0.0679824609445287,-0.0525636968372515,0.00950190958339537,-0.0731458373010729,0.176014019552478,-0.0280430618830453,0.146977047328634,-0.221651422810301,-0.141441575594938,-0.086363345342109,0.127524083696553,-0.083667880741394,0.153845859765971,-0.146477148819295,-0.0929253692051639,-0.258042453318223,-0.0930314090058767,-0.0549855956129527,-0.464446341638562,0.0400817159985872,-0.00696580104170305,0.347454534775824,0.154437576002038,-0.0490249561530064,0.349648775790693,0.349409076028195,0.0401689608798543,0.0550123893701962,0.0916302421559725,0.122930688062235,0.0776211140325401,0.0760476195262117
"11",0.0194526748987986,-0.120320453513266,-0.074033223183016,-0.178768039052199,-0.0675585895339865,0.0727218833431206,-0.2646627394455,-0.0456350164351898,0.017297300417048,0.0154320987654321,0.011322770341446,0.231537261586324,-0.278115605918218,-0.000274027279953716,-0.0478788324934211,-0.0270364766348144,-0.139176404322946,0.0923167113860126,0.162779922874198,0.0775933098044234,0.0272790587348724,-0.260656466002057,0.100573384712662,-0.205070251272506,-0.113256648223854,-0.000842635254230781,0.150957814547155,0.0886869375644032,-0.147569508189993,-0.29040254546356,-0.283964875291489,-0.144926189004191,-0.23992947747225,-0.130289603701578,0.129522997665686,0.0173576286949668,0.312270714127307,0.151207335199935,0.102163473860079,0.322162781056686,0.261958674783698,-0.103473223321728,0.0116056044665289,-0.0269587442898803,0.123722624723535,0.00573207312909841,0.1052258906078
"12",-0.0129817392749308,-0.067248787159085,-0.315288833125858,-0.127136819495964,-0.185919788255089,-0.132025146561128,-0.0743641311520529,-0.0542400128766451,-0.0181057828788938,0.0469447353867925,-0.264951661369708,0.0165249671882889,-0.133330817277532,0.0216352170449438,0.158233815210559,-0.300680370577196,-0.0798034820493868,0.00058013616638267,0.200065072276392,0.0358218545849378,0.185047387791943,-0.0391045168731586,-0.0379831548221138,0.0410185641274316,-0.151342877480217,-0.0223056191261402,0.0179477170900898,0.00655193700154517,-0.0443821828672184,-0.0280532328022192,-0.233396810895451,-0.21607781249059,0.160220435024715,-0.246385747270523,0.117752980979647,0.0597538431167242,0.124566904865965,-0.0252949688072527,-0.0710077059811609,0.159256769196443,0.259060085762893,-0.180086923982907,0.167869175465202,-0.0206383933282277,-0.0480672217382137,-0.0429257041363706,0.141224508971552
"13",0.025900462710013,-0.279536157359288,-0.304698346203034,-0.213256519784105,-0.176376367503712,-0.0701953883431241,-0.0812730038681761,0.20097851036646,-0.140985315134946,-0.240872575713362,-0.0180070297726062,-0.0265315361806938,-0.304129948530936,-0.0242910312384314,-0.194741861111229,-0.210612980953286,-0.170937331217131,-0.019436572086481,0.227890618361408,0.00736012162207,-0.194264250466589,0.0363681768647788,0.0357805577660555,0.15875572102578,-0.138454005133307,-0.0703089092193459,-0.2428162712695,-0.0289936678118711,-0.0771293580976145,-0.28317466011845,-0.153931598675965,-0.108649235489926,0.145070844676185,-0.179111626883122,0.051624918369079,-0.0372420898842923,0.194419329550037,0.0182990569507837,0.0874138650371216,0.214843793359414,0.172440809574485,-0.13578870232675,0.00830008943332606,-0.141080701803412,0.180921413563513,0.179389099256966,0.0853578183127252
"14",0.131679045772631,-0.280829321711901,-0.239041503926108,-0.167999367525616,-0.068781843456954,-0.105891273937244,0.0284354175933971,0.192223275647061,0.0934770457233492,-0.231885690951588,-0.0772030854284392,-0.180698056774443,-0.263740886578853,-0.0753884132631549,-0.0686211505604651,-0.0980534707160319,-0.131749546909162,0.0280105034531087,-0.0346369490060001,0.0806600151812398,-0.123775377261135,-0.0949923683073282,0.0911013611016869,0.131206504183786,0.0480533056236111,0.00691997807843896,-0.317338710944799,-0.148335046158527,-0.0594794834262527,0.054945983879093,-0.0401675263257022,-0.1698992519152,-0.127103438648447,-0.174261288324795,0.0619033886175486,0.0182105914633428,0.269912119776301,0.185209076401443,0.0149872080070776,0.155667887864067,0.148316727890983,-0.0927694910158344,0.0536064051646093,0.145221487884606,0.0880294453048055,0.159408301112721,0.161735778539996
"15",-0.0048041781830359,-0.222103118132024,-0.270249067939727,-0.126267286205822,-0.0674756476155763,-0.227477031663556,-0.180829602054003,-0.0285670615949641,-0.0150556521915916,-0.325463483480785,-0.0410910714179416,-0.0810994871652671,-0.3117714232021,0.0341513495769978,-0.0465153674494524,-0.20330517751658,-0.231972163547879,0.0662823332214537,-0.0193601209968494,0.0430603150827297,-0.152446753688539,-0.00031038465016634,0.127659943681951,0.0482020084694647,-0.252159271651838,0.12556816937573,-0.0858073786909466,0.0106036613121724,-0.266978653657384,0.142040482201355,-0.0958017090773422,-0.203278760066207,0.112807198123451,-0.265357656676599,0.0803241323953739,0.0467401027218238,0.136948961811718,0.0161636157931699,-0.083827312908788,0.134514641084483,0.201501132167097,-0.0635622809553205,0.0444474114924247,0.00891429054349906,0.129461041683943,-0.0108567832985314,0.225411269393327
"16",-0.150102633791463,-0.163761401011549,-0.401407883991662,0.0432150081140605,-0.284653808949067,-0.127884872768913,0.0204899036041213,-0.0358632666334709,-0.0832011410520446,-0.20329783314198,-0.0473912976120899,-0.0383043973536436,-0.430807136670579,-0.00521470282737702,0.072784822982942,-0.144001921224526,0.108313138494529,0.0796957671957672,0.0418525435348342,-0.00585415293900912,0.0735010976298587,-0.0311038036341868,-0.10038927724854,-0.201798668310567,-0.23324780306826,0.023549258913891,-0.0179573085275554,0.130293111252123,-0.20985829198003,-0.0837769985442255,-0.197332621864775,-0.117413805874104,-0.188177712084315,-0.257400991451214,-0.0219583146842791,-0.137562825276087,0.270917039459753,0.288736554016525,0.0866624465046517,0.272317213920086,0.1063460451861,-0.269456127315661,0.0599395737824883,0.0131873410576428,0.122497259697997,-0.0110921446014565,0.174440251387123
"17",0.126600904992119,-0.152641866043904,-0.105661183837944,-0.386772499148995,-0.0790208039319449,-0.10890899289802,-0.208547615052417,0.0273278127898201,0.028864550184436,-0.215191236649443,-0.000865907648351088,0.0680840790166691,-0.0766777596657699,-0.10732775839734,0.0152844360297218,-0.268388154237904,-0.0651819357721029,0.0642582566513101,0.011726923585019,0.029331769685601,0.0992279713128706,-0.0492406935554186,-0.225022962698432,-0.0690975267340677,-0.204454031409153,0.0804391444846023,-0.152146319158245,0.150903779135321,0.0695877796632879,-0.0579394927253701,-0.0412821054377221,-0.329868827425601,-0.00720335286857327,-0.300609877411246,0.196648013640875,0.207227837076952,0.283802831040123,0.209494870388537,0.00435651341057548,0.325304929208356,0.113191391162614,-0.0435630326110264,0.0674742603217644,-0.079964596025898,0.178209649798563,0.0454008068641306,0.182114646110121
"18",-0.000167955950978695,-0.135683426740572,-0.402646288180058,-0.0191391679603203,-0.11163066153931,-0.0367992180579819,-0.0860934942051626,0.0304119569489002,0.095552158579054,-0.13447858840998,-0.233240795818953,0.0301641387106373,-0.158008734665089,0.0312810473146773,-0.175034523162774,0.0793503948450204,-0.141985892200291,-0.196125334423443,0.113254710117049,-0.0153974865141523,-0.218532822907468,-0.044618693333205,-0.0682285838500963,0.0171887779900733,-0.0844663314080219,0.0997051294942543,-0.099828293262725,-0.154444167810616,-0.16057834446855,0.0325305311047661,-0.166461347584438,-0.0961055438833983,-0.124572788463345,0.00293760686631861,0.0969953962834559,0.128289686340456,0.143747258491258,0.129099956254679,-0.10308625968968,0.310807772440353,0.344551696717849,-0.0474334075910978,0.064387702733452,-0.192050050846157,-0.0898535141249015,-0.0749064254158383,0.119605786101255
"19",-0.0895257155425651,-0.27949943757053,-0.209129447612325,-0.187015438708992,-0.131265200394093,-0.116380096614486,-0.0786413844966027,-0.0870113666021921,-0.0202013352058565,0.0596403011847186,-0.180766004955904,0.0285291281068024,-0.219337175718734,0.136406558283903,0.136346832944448,-0.175691834797106,-0.0741037603707341,0.0386400680121121,0.215466537036924,-0.052167230638192,-0.0649482509230758,0.0470618651735097,0.166069737795054,0.0619787277851561,-0.13747479214762,0.0141913274152476,-0.109238603595885,0.196208649695834,-0.162714008367977,-0.169624364348064,-0.260234716807582,-0.246642240322763,-0.0820998938998456,-0.0298209975881409,-0.0473659436567636,0.214751037436525,0.283889237192461,0.130874657016827,0.116444404484551,0.247055379557744,0.226490893858114,-0.0642918465404946,0.081588343844395,0.132891280264789,-0.0377869091325692,0.0231802342729941,0.250725085111651
"20",-0.094555591919149,-0.197170131931034,-0.271351940918298,-0.177054782282059,-0.00349436812266989,-0.0805551409960669,-0.121203604939883,-0.165865092991537,0.0151146700675364,-0.14761353117997,-0.0310365781908463,0.0183981329470711,-0.29786475302028,0.0259959810583478,-0.133060543391999,-0.0419881465823714,-0.226285970094589,0.0317990269415369,0.140806183193888,-0.142505412806505,0.0748829785875863,-0.015394460725099,0.031466984217443,-0.0428313738501137,-0.221044539092146,-0.125474464727033,-0.0207834029281231,-0.0986632272832343,-0.0687792720603586,-0.269025147910464,-0.166035503777148,-0.132042351602166,-0.0482295675942273,-0.391403012718093,0.0147806387632415,-0.0804504282443321,0.153115335259178,0.177023058540428,-0.12839731507206,-0.0060299832607897,0.181081603920492,-0.00774694229472707,-0.0634798737401802,-0.00248102505445759,0.316725029887592,-0.0696466449791079,0.112666732158045
"21",0.0853290549696679,-0.125009257083585,-0.254595161929363,-0.431724006513787,-0.243802420043084,-0.130743887328838,-0.0958710704757371,0.094093036549136,0.0648917367620871,-0.359411944018943,-0.181191497272689,-0.0927316134758805,-0.285607456968139,0.257663365999175,0.0542145843240786,-0.102359640890241,-0.169011326054474,0.215412427283589,0.213583135945558,0.00757899364319672,-0.166621677743179,-0.0792143975894156,0.048205302751641,2.35160014253325e-20,-0.158760636576947,-0.042273087564199,-0.12560574856415,0.093838013233045,0.0306107851764259,-0.0719289940806772,-0.228943017543396,-0.172565664205649,0.0440442583671761,-0.154743628458518,-0.0262627298979728,0.152563649391541,0.394652628825019,-0.0579976794558286,0.104164880177279,0.101281037991633,0.171334769033545,-0.334403803350264,0.0652246147423284,0.212744051602301,-0.101974931322983,-0.0595584866456312,0.16109050788111
"22",-0.177781311751194,-0.19743302942555,-0.366920088479025,-0.215946167958728,-0.147211546430891,-0.304194748114385,0.146821365954382,0.0255196720845284,-0.00240562612162344,-0.173202614379085,-0.193626538904275,-0.00395747139148794,-0.209192218629553,-0.0243238362596664,-0.190904364817876,0.0131484204950534,-0.174228460818876,0.226254138226977,0.0540539924240847,-0.0575092514287449,0.0419194194780736,-0.165998362143996,0.165667023033011,-0.252899543602726,-0.128681881921097,0.0616527124647695,-0.0391485325962535,-0.00739898810958965,-0.164526131629882,-0.132865293410063,-0.143870772715108,-0.10306844710302,-0.0882070644069406,-0.200312732075348,0.202254082859039,-0.077566511723463,0.0862982669427873,0.0204850879570995,-0.0603359069102402,0.142104688298893,0.199835758092838,-0.121087665801299,0.0717271156553713,0.150500915761699,0.0417077362752443,0.0588040361480189,0.101213146413099
"23",-0.0258506135849998,-0.0926970239934463,-0.274230912175978,-0.15151715673937,-0.283711977104504,-0.0825646902618761,-0.00743496821255529,-0.012105733954622,-0.190995340268762,0.0185147810959829,-0.230048681963816,-0.0596054411176598,-0.126008491276722,0.0572619669274261,-0.242425154912849,-0.0761370250746713,-0.189446897436587,0.108111749695372,0.265997097719026,0.0588006936992589,0.172474199706372,-0.0945359835898707,-0.060622680923902,0.0823953671781456,-0.251380222960814,0.131453314409683,0.160017605930106,0.0673905790297104,-0.123536489026642,-0.261050109635592,-0.201025625429075,-0.18076592632044,-0.124487985941071,-0.0673628857121294,0.0779136267257063,-0.128098730129564,0.106342138458739,0.0697782507587084,0.0135113753513972,-0.0413318910583463,0.237321446070005,-0.113381308311816,0.0665104352857329,-0.0967002393691981,0.0996683672044575,0.0132381350958052,0.151785057897918
"24",0.126348860866402,-0.339741411834117,-0.540396968705503,-0.203179612581624,-0.191963067283947,-0.107886595904187,-0.0501437748485589,0.190856377663265,0.0200432400133028,0.0199658731870624,-0.0378181899535175,-0.125085371781551,-0.0934083147177727,0.0496405989396103,0.0431171838844757,-0.122918778959622,-0.0983026247988738,0.124316174263528,0.0500163432368236,0.0416040965997294,-0.0363577724612378,-0.0105066081079253,-0.254165863997542,-0.232302642937592,0.0399874285206296,0.122657654165808,-0.148185806926799,-0.0713522991537585,-0.0445830310588128,0.0162414350819849,-0.227327803875,-0.122197495510716,-0.0795745564996053,-0.244498117352504,-0.00951318508453118,-0.0279578401998073,0.0723961125355919,-0.0890054809870458,0.0223105325289191,0.249375632227359,0.278988478336597,-0.0659054837199543,0.041966625005804,0.0927101005750925,0.072565355795423,-0.00606187256206378,-0.103771890632907
"25",-0.0355934617472668,-0.196525761292017,-0.126569597408802,-0.404154035667129,-0.0574949485381766,0.091584563068263,-0.101761447301337,0.0131663025024151,-0.252077918493756,-0.166320813966988,-0.00896421457000795,-0.0785123662254693,0.00868278907046594,-0.0273731308874754,-0.0621897417163188,-0.26650519360258,-0.170253062968002,0.181410934328558,0.181458284377872,-0.061888273652312,0.149241017980697,0.0913321032531743,0.0195078721280256,-0.0537001428260467,-0.269992382091438,0.0396623851384621,-0.0508283632902423,0.16059369611454,-0.0691730462992128,-0.278224001785381,-0.0415984064351741,-0.105361986498899,0.115015393441366,-0.143521435349368,0.165552748386444,-0.0465747867918729,0.248303324698864,0.120107232131896,0.108321051027343,0.0843831886178194,0.237254806314809,0.0333749912470293,0.121681562977983,0.00525985258108578,0.125217996184986,-0.0665335019854706,0.178426023555579
"26",-0.160316396946121,-0.231139225876872,-0.27094346506401,0.0385094720882058,-0.0817712278778834,-0.111868178276073,0.0341305636351842,-0.217931220884084,0.248260374910115,-0.347685104613338,-0.19100536442422,-0.0134630017340984,-0.228989038091399,0.0544887909756579,0.00149300776838704,-0.0521975689176347,-0.147784760008838,0.0165723721661234,0.0795719423846604,0.0725986047898106,-0.0528491842045199,-0.00337026823837445,-0.08280369448936,-0.034173393331307,-0.0514623651565959,0.216604341099249,0.0543001517302398,0.115677523540952,-0.240134588378506,-0.173873639446953,-0.0534535034844248,-0.280883953976819,0.184959440516613,-0.209165788309619,0.0650868340577603,0.0737380254876686,0.18693598734493,0.255650180150671,0.147461037292238,0.193275802094511,0.167385003395793,0.015577385662848,0.169743027619189,0.0606995130248169,0.0111635001658309,0.345352911724485,0.117028892422545
"27",0.020488168406254,-0.366271266536401,-0.452967594215144,-0.339543787989369,-0.0886075841822658,-0.0629439393972418,0.140773212319145,-0.0229698800494404,-0.0139078208726941,0.126499868489136,-0.146182786202204,0.213648534084099,-0.1176374380361,-0.107258336441875,-0.0627996143929597,-0.181586123277131,-0.179948110857822,0.212293944780087,0.0630039616542845,0.11952278402394,-0.0996961672351316,-0.0297677541651802,-0.00706137275524564,-0.0928472908247976,-0.0511596681677748,0.156699759604479,-0.10347152937557,-0.0410630087346775,-0.103703969499775,0.162331447909441,-0.0606999583610299,-0.253237660021938,-0.178979142701334,-0.0157755425189305,0.118179452420205,0.14066732416962,0.076111160027639,0.0396944136827473,0.0794607275723881,0.24896215286866,0.0794663213023064,-0.121930763650517,0.156944620517643,-0.0477573311064518,0.148140145807518,0.0381448090180886,0.144011618561463
"28",0.0272203881702086,-0.227865608757308,-0.416198034848998,-0.258649363787842,-0.132855146081544,-0.309545367547357,-0.156725653774763,-0.00395663393260955,-0.00335749933784778,-0.204706237460725,-0.282456240912053,0.0710851959193587,-0.119094757287062,0.0605863906340108,-0.216862892797973,-0.0140323670254569,0.159987424247914,-0.0787960290250213,-0.0274747898589739,0.0853522609809211,-0.15926118062014,-0.125121206003618,0.0497172823159297,-0.0590186840654884,-0.112049545985995,0.152454721705255,-0.149782614415712,0.0971791598276403,-0.176190971120132,-0.0942129240694009,-0.192688765688208,-0.132091425163825,0.131653823692908,-0.285523151030117,0.329307161764547,-0.100845842137426,0.178412863285615,0.101251727480516,-0.00605451051597182,0.17075963018336,0.211297429775103,-0.103100702246324,0.0826420418825179,-0.0763208455825943,0.0837103795932492,0.0448156253088538,-0.0313225493672632
"29",-0.120301675704602,-0.21513355793205,-0.332856079086529,-0.124327496069977,-0.0655878869901711,0.0797385829956924,-0.168682222871387,-0.103519170226306,0.145169636010797,-0.230699920291389,-0.225480623585301,-0.147926097966862,-0.043288705078449,0.19337669225099,-0.0160330652206503,-0.0865172610037015,-0.267688543143965,0.145047068928207,0.337927269272799,0.00954276654763661,0.143115456859292,-0.209059259348273,-0.0102975906985428,-0.0633539734484855,-0.379027561193375,-0.0573711535690178,0.145565707035258,0.0983894308103649,0.0560182607798293,-0.251051743365749,-0.126636969385653,-0.313952846070308,-0.197202744916952,-0.234549737366725,0.048432138337907,0.144462915864201,0.205423728673287,0.200160325389521,-0.165014326123488,0.411106376259322,0.303917127112033,-0.0705364757631425,0.216575834333017,0.0605924586085847,0.165665877337272,-0.0147912270632287,0.134915731325036
"30",-0.0157303207177584,-0.316369674669638,-0.185912806936035,-0.400862710277036,-0.00534788045126916,-0.0404068347925429,0.0190565829563318,-0.107258439460926,0.201228727052787,-0.244985353527654,-0.293465028718932,-0.0136646255602283,-0.110331418553937,-0.144955189148452,-0.0967541949530707,-0.196114400628919,0.129672603991149,-0.0844980339211749,0.0110638448856256,0.0126770544872657,-0.185622602044932,-0.195173237888109,0.0641661742677009,0.0286171250328526,-0.0342310820414976,-0.045845744494121,0.132325662361942,0.049554206214098,-0.140723849442391,-0.0246300807356645,-0.0900386008749618,-0.319648573031831,0.118744735698261,-0.324459280243484,0.0717749168588226,0.107410951879962,0.300863816623573,0.136381596980723,0.0600327095271452,0.10704406887177,0.266307900960408,0.0441073339963144,0.0171103183598414,-0.0628894513091234,0.0115630646678819,-0.0668605946296391,0.127924583276355
"31",-0.036798730095348,-0.335252653918762,-0.467129168090241,-0.155530001270085,-0.134819078385259,-0.190717902770335,0.121939185806629,-0.13404987834195,-0.0873737348151885,-0.0736710413492562,-0.0582269421642542,-0.231869447880084,-0.0515092394073091,0.0232616553315941,-0.103206468508621,0.00105930093453263,0.0607600312562,-0.135826955054826,0.148516156821021,0.0563786590868149,-0.133746609056808,-0.0105897689883071,-0.107827817539326,-0.0306365032831968,-0.10614304987223,0.245839105628678,-0.157874180186474,0.19524643624029,-0.180876487791074,-0.194478715597145,-0.122354381408599,0.00357609330688154,-0.143170950035876,0.0734817126587945,-0.0169672560769206,-0.0581198770602242,0.324313684512665,0.0622666181484435,0.00898591504521913,0.0364995058761179,0.163943890202479,0.0171764719411822,0.169066770087505,-0.069019027676637,0.127714655033375,-0.159273280804407,-0.0294010397168355
"32",0.0159263680586587,-0.0734587325469986,-0.429447949155538,-0.310565811871433,-0.216352485997159,-0.0634447362780854,0.0784056626282102,0.0299558860958909,0.132981405448826,-0.173888245236881,-0.0885745746713927,-0.0643059296889621,-0.159459459459459,-0.147694914740638,-0.0630334230670396,-0.245240066217084,-0.313616462150732,-0.0393758708179036,0.166977500186816,-0.0339483371952982,-0.0305056061181688,0.0682174642008844,-0.205147107372532,0.0118218300262938,-0.096685878963479,-0.0411516005867721,-0.191396019238942,-0.06463679286122,-0.212869481984402,-0.176440006052442,-0.148138224585892,-0.2165513491115,-0.0676338354948557,0.126665254353921,0.246217163176269,0.0492413466847563,0.0999240198921091,0.236199822107317,0.186812644126072,0.188480968159644,0.256770190674886,0.149057763215519,0.162081780832272,-0.166544460441075,0.0972936603277723,-0.211428443580723,0.18367175817857
"33",-0.174009480536723,-0.336047144420449,-0.484147344618904,-0.255873374309564,-0.0097938593717281,-0.0726991964284688,-0.0156326349870181,-0.0777852656075815,-0.127992284834921,0.0088485181300261,0.054555021559683,-0.164773616642719,-0.322126298268236,0.094790515828932,-0.205940464583228,0.0384555421840182,-0.0811066274575305,0.0990016289637791,-0.0351661787959006,0.186170243063243,0.276014082749185,-0.235640191265287,-0.0961009151693072,0.0412336463926433,-0.0710635857482273,0.244630514378648,-0.0987703737451051,0.0471043196439995,-0.270609477225183,-0.176477233430403,-0.0858810734294012,-0.319598471295682,-0.0385610822905566,-0.463366541526891,-0.0296586641399826,0.0178137283666922,0.117762361797856,0.109896417572145,0.0104648749732856,0.191693650286831,0.0983178853404209,-0.320420205464748,0.14260284707866,-0.0645389804124289,0.145919729361217,-0.13151140630835,-0.04999918201107
"34",-0.0111247244092634,-0.227737363880242,-0.243472050564373,0.0313566390566222,-0.119558800228287,0.0592263744325183,-0.0884707727193715,0.203808540911108,-0.00611132331352141,0.0641002950985659,-0.145659100682104,-0.0459854504613724,-0.23146243185947,0.15792483944071,0.0519866193414696,-0.168035044828995,0.116205622889284,-0.0486545052533987,0.160726357258217,0.0639710282792702,-0.134747167021057,-0.0123026452997649,-0.010086926532022,0.12964980529413,-0.28519852851174,0.0434384265691883,-0.197932711665136,-0.104029394015636,-0.0605711192046002,0.0466829092533676,-0.0824681646329611,-0.259553604190043,0.178652410925723,-0.167302191731044,0.0490808321723949,0.0305280544159099,0.0901469418738474,0.231131866828797,0.0664282579499744,0.230939985364978,0.0894764152113923,-0.118456836163507,0.255347471418414,-0.262130644763758,0.127362982999391,-0.125273677239255,0.136419773222463
"35",-0.105907124678421,-0.29529734722864,-0.0678287220510866,-0.274187466035085,-0.342978500893608,-0.119761407029826,0.0264390225883876,-0.101656502464842,0.0900306300295526,-0.241970874343815,-0.0838435941724403,0.00652015817710772,-0.38167701439397,0.091541018595457,0.0355359183174855,-0.252526479286176,-0.0668721987902236,0.0599933163184045,0.193147779899518,0.0274161634501081,-0.0708598016614381,-0.126431869749719,-0.172321107921343,-0.0265983152953245,-0.319424498187547,0.094270843339389,-0.349545026736504,-0.0953328104533474,-0.167359293653013,-0.177778269387622,-0.124388777182264,-0.0696147495568307,-0.151192392212416,-0.238721119651931,0.0270756492415202,0.0145798458198746,0.315082052587318,0.121014076056607,0.101131994250486,0.296167974284629,0.178042101440601,0.214376623465661,0.127795837694629,-0.193858618348596,0.116991752343883,0.128158958933099,0.0926190362148215
"36",0.0514571006069603,-0.280521962077204,-0.265788252430788,-0.393965867007709,-0.333636672089966,-0.158583697359292,-0.0521302459705003,0.0650018662303696,0.042485291572496,0.0366042313916417,-0.027554949415187,0.11800021454604,-0.269574825369365,0.108377335745256,-0.16853203258206,-0.353768495472833,-0.0145809825426136,0.110921018731521,0.229726175020878,0.03963527206179,0.00316873694429056,-0.105744379061166,-0.170102420946885,0.0396144035498248,-0.0622556628438406,0.157415942740429,-0.0653694918916757,-0.107693936330538,-0.169531751265828,-0.0463093983483056,-0.200312394768776,-0.228231564929059,0.00864575588527708,-0.252899098512075,-0.0936930167398393,-0.0826840414581517,0.23596061676193,0.0506290491562849,0.0982845383245751,0.177378740912115,0.26512402500961,0.0345651979933076,0.0705214479305482,-0.0448064616784803,0.271161027475448,0.135289755414122,0.019984088825986
"37",-0.248520927053569,-0.207188633966352,-0.324841171347985,-0.367531635093285,-0.086912362651057,-0.0269027305527538,-0.148071114371205,-0.0655021387967182,-0.0158307588761602,0.0101597479763537,-0.0693995949943222,-0.00986234006958359,-0.167469960079252,-0.0538343279302489,0.0995309988743618,0.0940496597605961,-0.0401122154029419,-0.00252414916742506,0.161694828374678,-0.166249814453436,0.0372108587599835,-0.0489194554050103,-0.0225866574671842,0.0325879774862806,0.0642541156470171,0.125799622748057,-0.117701780609662,0.00469254643643942,-0.238120469394179,-0.212660032190342,-0.164217727748795,-0.102732642017737,0.0356918550723687,-0.0472571625471067,0.156875901755374,0.183436229217977,0.0694840240933841,0.107779973318115,-0.0592687121257183,0.122873275062469,0.326039093850309,-0.0124023415196314,0.202888817808829,0.00383647761077567,0.118576985297184,0.0738658967410099,0.0341409229651557
"38",-0.086858735030958,-0.30808966820784,-0.328033130882017,-0.278741011122732,-0.0637744407551835,-0.0507691599180466,0.0295850512523849,-0.109187497346721,-0.152619014545314,-0.0315866936205276,-0.150219925248129,-0.000701794650130967,-0.179074618210617,0.00826806368323641,-0.200726307277067,-0.271449490863285,-0.00689065117360923,-0.00487254455170572,0.0922903951814913,0.0184752411542864,0.118482609378293,-0.0403127867177011,-0.092054600488394,-0.0839114964740013,-0.168823003882163,0.131863972108779,-0.00968990843650037,-0.00142868951901418,-0.236045026070377,0.0812490909219054,-0.290171962892196,0.0265505364102837,0.0877527893223374,-0.207165937670995,0.0786659340650623,0.182193578922866,0.249969748163208,0.151828631637906,0.182010969647003,0.1742150173687,0.169276786210998,0.0361742087711004,0.194208404809263,-0.125581265880219,0.0768760239779752,0.153540797634859,0.0389204193386666
"39",0.0114085489180697,-0.0676217141149509,-0.440538792254344,-0.279381953211911,-0.238692399223815,-0.063742360272686,0.0920857322892088,-0.118136489174128,-0.0739217906162472,0.103206620067236,-0.107634627479178,-0.0884331713677068,-0.10776000107382,-0.0200355947992393,-0.0267734467321795,-0.0522604127288348,-0.212463015608471,0.21142860985194,0.197721418548509,0.164125348390299,-0.0304924087971453,0.0332389559253699,0.0604785583923296,-0.000828774945208892,-0.232175176554923,-0.0400965661434742,-0.127187502716345,0.13734570712345,-0.106011688026285,-0.191934056383885,-0.0293773610545863,-0.0430635758126547,0.0213280739080891,-0.0724124099277794,0.0792072165101735,0.234151955908599,0.172771842074726,0.148246401614358,0.0313888420197215,0.278583388844393,0.289557041844722,0.114685507220217,0.116820098981854,-0.14096463803585,0.172456211724967,-0.156414643984607,-0.0169132800658651
"40",-0.00842048078228983,-0.314082843822045,-0.502149454548032,-0.292699541837834,-0.327511706808776,-0.184041834118114,-0.00587847288368381,-0.178133272195518,-0.0463512405443479,0.0108033953925361,-0.15649026954773,-0.157701214611201,-0.167270927667737,-0.0696918923789894,-0.050827485767756,-0.155936006840216,-0.311549246891036,0.0315750330793627,0.0758522052369675,0.124054044770352,-0.136664884282384,0.126127968768786,-0.0451404477295393,0.0554460134760515,-0.290607121922724,0.180413349914862,-0.151090959316763,0.213828879366321,-0.12308630107774,0.0416190041161929,-0.19268115741255,-0.0395520867770209,0.0669884085989588,-0.190158583133096,-0.116928777778779,-0.078054498409631,0.222975443855228,0.186045596906733,-0.0847285156674873,0.00990525111447042,0.113069498744098,-0.106717299050258,0.205106386434181,-0.0473919761200596,0.121548412747565,-0.368900160974651,0.0752413384787856
"41",-0.105603130203201,-0.257195112740789,-0.467392355298199,-0.180871205742896,-0.179873200776315,-0.0255642852655787,0.210601262494855,0.00565701739743312,0.299015434776576,0.0136903063220539,-0.151551201878458,0.0979743549425774,-0.199304778237876,0.206028388911089,-0.0406935907580696,-0.128893245795436,-0.111404184125965,0.0559663037888508,-0.0646176186439711,0.0205792336700796,-0.0732663101818438,-0.111895844857352,0.0501712270358555,0.120246291143568,-0.225837932072263,-0.0254056144694904,0.0926472191129745,0.0218120704739513,-0.195607390865834,-0.127376692669198,-0.112603509885778,-0.247005880469549,-0.0631295151031353,-0.397313591745458,-0.0913757427009015,0.102872928180152,0.0680438961120936,0.0927849520276233,0.00827142358927787,0.345216806728495,0.267772420356782,-0.127150064070009,0.0172536931169213,0.10475474764869,0.0276438927352635,-0.120442730918099,0.129286904327912
"42",0.189011372205062,-0.16164259213158,-0.459419007392142,-0.175672074632496,-0.295680411483104,-0.0788906455210723,-0.124089362225496,0.0360014235134269,0.0492550793987829,0.00889882596634789,0.0130526726533503,-0.0737380312763992,-0.259514086275889,0.0432282879335984,0.016205641913073,-0.319323853899625,-0.0310855896998007,0.0695868906568326,0.205238700154924,0.216700854307184,0.0276366101975332,-0.0536470748472291,-0.111889360903711,0.0911454649218777,-0.132676667674741,0.0762903619678622,0.040894470261687,0.0783457838157748,-0.0854876378724196,-0.141718192790945,-0.25275205511777,-0.229439902193841,-0.0451098952587701,-0.318439932441395,0.0777237780064031,-0.06656635782225,0.110842547454987,0.0562569807793911,-0.141393583640103,0.207195542642471,0.0846931951216942,-0.188465681261155,0.0862873643133857,-0.111926785285462,0.129457908754743,-0.0402828946834375,0.217298258792633
"43",-0.051263366163068,-0.11982919387506,-0.322246144209016,-0.108286801439462,-0.287891970669415,-0.0115720453385394,0.0796554104673265,-0.185641189370503,-0.0767643402275789,0.0245253569089695,0.0150881917253302,0.0682331019936434,-0.211485336610998,0.0173335144779803,0.00114000681156105,-0.202696310054472,0.015342171315081,0.132841633361234,-0.127654150138904,0.0813081207695412,-0.14106241428853,-0.299850960946038,-0.06345682419185,-0.112131745344481,-0.05627629918065,0.0224989138204731,0.137312271652698,0.0706759387458686,-0.0922733221229422,-0.109473245773712,-0.198281453716676,-0.0783672264567103,-0.0962612453723648,-0.20374171458665,0.0877303631296747,0.223087542278451,0.173470419092407,0.19802631572235,-0.0756344553477362,0.264821765815398,0.28242969659707,-0.0592183973061392,0.237369328578898,-0.170322061972249,0.165572971426483,0.0867485837381982,0.136026493719446
"44",0.034404191062483,-0.212374198605804,-0.202604132482988,-0.195616645355351,-0.11917940372647,-0.211671282831866,0.1081413047877,0.162269254908753,-0.145096372562669,0.0639384600196388,-0.268748194641185,0.140177040001992,-0.2157025026671,0.128575712714863,-0.174621991644348,-0.118040577226064,-0.215847940722328,0.11765966523888,0.0399348812562654,-0.0662880030797304,-0.110862746137475,0.0513465632372813,0.110597102865508,-0.0562964713756801,-0.194370539923341,0.0212592493887635,0.0516281558843066,0.202578024929191,-0.150807304734363,-0.176360724752725,-0.20456513688885,-0.213865847094555,-0.163040471309597,-0.367927651389789,0.0495963797703406,-0.0950891597055629,0.0670801182414237,0.115890834207657,0.14654282457851,0.12550513166103,0.198732385562104,-0.141179864536845,-0.0177096513499839,-0.158286798860361,0.212510097689393,-0.00452770861701112,-0.027521605514442
"45",0.000354241144348542,-0.064258956443021,-0.188079625733986,-0.287492419673662,-0.190560305972383,-0.0105202023783289,0.21588011542475,0.172642334045859,0.0262985140664879,-0.186697125643784,0.0710916717552712,-0.155281207637255,-0.151700121769798,0.0816448260372517,0.0265532675650472,-0.172603813347783,-0.160201810849111,0.0684317375062706,0.0849362311293816,-0.0502103682880873,0.124750816293255,-0.0686545122845703,-0.0160502422390876,0.0524321851227428,0.0354473816699007,-0.00463358798502781,0.0865676939998923,0.0669051115697045,-0.0366653354725017,-0.178979337334111,-0.0540738070435875,-0.218760565331207,0.161579827144762,-0.0530115832750084,0.0355684970415297,0.0195138872654581,0.154514946913107,0.157969404854309,-0.177721832904935,0.225310742959944,0.307196550594268,-0.00458950634120711,-0.0077499368577197,0.0349543472888048,0.0564052479605061,-0.0112440038149501,0.0739542808823317
"46",-0.0978382568313021,-0.178428466014096,-0.310923325448551,-0.291304347826087,-0.0372726612418406,0.206086993791404,-0.0108525621393448,0.066383586066424,0.0858342000329074,-0.096748053614755,-0.145322617103257,-0.143298703804739,-0.00902987975620029,0.0508986598559288,0.136675458951824,-0.303974986432904,-0.183346045214185,-0.0211838793034018,-0.00751659797063389,0.0118391191437385,-0.0956678396350611,-0.0567530065227694,0.0243891931849783,0.0318669012957112,-0.069534126584031,-0.0222075149046842,0.0405132234511755,-0.129056735661768,-0.129991322639641,-0.267600131695446,-0.14823632568794,-0.143608561959129,0.0790894027819172,-0.183855673155701,0.0785046321568647,-0.0614328773426477,0.140558039658934,0.24188800438397,-0.0904839002704064,0.303023882094974,0.34444461655216,-0.0113100979611152,0.247084795582842,0.106284569021427,-0.14393922038525,0.125852881949425,0.170116646892718
"47",-0.00457574141329245,-0.163041122743118,-0.409880917486934,-0.273219628129426,-0.165006132616686,0.0347422330505525,-0.119898227951001,0.0123532047752579,0.170594359889637,-0.193517090177086,-0.183171060158522,-0.0689229177720658,-0.0683625366570464,0.126445134714718,-0.0266198568749975,0.0668128260533035,-0.252840298871576,-0.0707601480130554,0.298594441471478,-0.0307807865687312,-0.00895309824106075,0.056783332155524,0.0663797718976257,0.115860751641256,-0.0854277053770772,0.0323492199297399,-0.23553379529069,0.160945684465216,0.00884570606379334,-0.244543001450978,-0.180548986887493,-0.10704499219914,-0.099288830882515,-0.0842422779643217,-0.0563845933232174,-0.0573547910516693,0.15315841782628,0.180662864039603,0.0300109103256068,-0.0056603544599218,0.202111929385312,-0.125153589071802,0.111842012829374,-0.0113654509518047,0.0805785505859084,0.0923727021696645,0.00491981291829302
"48",-0.13554673945312,-0.0694311388221839,-0.148217129601448,-0.239329263679274,-0.0876627056898446,-0.0173149421267436,-0.0714355450855248,-0.0171846420742156,-0.0408962740403083,-0.315458878875107,0.0996833287682901,-0.158774989235408,-0.186720711636125,-0.0243462056471385,0.0564363035077038,-0.262403633401664,-0.131881978660093,-0.0193977720887314,0.0549472983251375,0.0714367016505997,0.0445504426142328,-0.235455043066775,0.0146396775441578,0.0999791366754108,-0.168255397518729,0.128173696621702,-0.065875541868634,-0.0197721707202318,0.0624422952512921,-0.0379711981925003,-0.186902394597853,-0.240385673231663,0.114701792796451,0.0559557912846778,0.374992283871232,0.0526656937662567,0.296450160677958,0.320354037215188,0.095747177058756,0.126864262761522,0.207983081474655,0.0981753234413448,0.00368026104422662,-0.0763662416960597,0.111115943216404,0.143366905967632,0.133040657916501
"49",-0.141349204396539,-0.24504983164079,-0.222875214620654,-0.220537072727138,-0.226939401904913,-0.12444834554581,0.0423818178868599,0.0559769142833056,0.0178632109736558,-0.348430676157102,-0.0838144009175606,-0.0228224336102791,-0.188663338718855,0.126508795403747,-0.150910797988876,-0.185398450908676,-0.117148487441081,0.0502103838853158,0.252380506206986,-0.0677232512189925,0.0471486383172614,-0.128639111542024,-0.133052378941298,-0.159997221840211,-0.167849008726606,0.250063364441051,-0.259836406230347,-0.0389612322350206,-0.085049732976387,0.0210221404284001,-0.290704198784354,-0.11378952685523,-0.183894074951947,-0.0534089036893508,0.209325875932779,-0.0304804395106236,0.0794357493654144,0.0799399627885004,-0.0188319758031985,0.131900518951687,0.266215481210858,-0.0861047528206076,0.0800122024204455,0.105168915737743,0.230721939413792,0.00459229962204112,0.0401126345041912
"50",0.0830240662288753,0.00707258144805499,-0.227814781825312,-0.0141888137896176,-0.24289616392384,-0.153095536256996,-0.0280126021082801,0.208148151118693,0.146850650324053,0.00377328939438882,-0.13508821174962,0.0312281299346535,-0.119151947556896,-0.0261963066003945,-0.138527128961883,-0.188726520746948,-0.271137602488358,0.141112112392029,0.045678534519944,0.161288732989768,0.015282991290284,-0.140589318402791,-0.0496935045305933,-0.023742390864425,-0.0504074674371462,-0.00858102342559862,0.0766196300471431,0.250618151486866,-0.184970034764568,0.00683656466744332,-0.394087044234165,-0.168030750960458,-0.0335717988375783,-0.379533187543132,-0.0639073808499796,0.0780326165245786,0.237184704885037,0.0261730765654869,-0.0536545818834405,0.289966348711905,0.168433585847875,0.100011744967298,0.0926999937834338,-0.137680040497261,0.267113282911137,0.153508579788919,0.189561348891478
"51",0.0593114882979272,-0.294127360433613,-0.32428157299954,-0.13147294717564,-0.295122138210215,-0.11741252352405,-0.0807707794425707,0.0833794349238021,0.252431779542992,-0.159337496055722,-0.208522657466327,0.0366094505623669,-0.20552806513979,-0.049096388360866,0.00124927796982525,-0.28870856112251,-0.119694960212202,0.0503225024868557,0.129714403233953,-0.008863418259472,0.0426081358945282,-0.162181400706351,-0.0796460825102132,-0.0366510026792832,-0.239854262022169,0.0805451102474113,-0.150575545163891,0.0407423673421017,-0.177119396405876,-0.137455108323941,-0.276907802808441,-0.284218708060372,0.161087651873848,-0.401752796300194,-0.116077947185938,-0.0993521800566251,0.337608106311181,-0.0798156052099224,0.194085507857871,0.131869900194961,0.230555531268165,0.0188829107371261,-0.0700060361539274,-0.159008598815692,-0.034468256745934,-0.0477427493029883,0.112271093424424
"52",0.150297888999242,-0.216956364544004,-0.32955152250639,-0.165965662093166,0.0723133053918465,-0.0872454793960511,0.00316103073579556,0.0414912998040544,0.0151185789203691,-0.106205261591064,-0.0878137869531161,-0.175968987542756,-0.190464371147668,0.171153376422639,-0.0778995812591205,-0.0690053995649616,0.0909957656200118,0.0134304171254452,-0.0280045170434366,0.0460722249193977,0.0647936676854848,-0.186410451256113,-0.169922165494054,0.0787052175741424,-0.192672228019964,0.213464455428187,-0.0596978206238221,0.15228123191297,-0.111087092897247,-0.172929768096102,-0.0655394063567195,-0.0765913702760492,0.121423199267789,-0.21582691308974,0.0594817658891229,-0.045297092866208,0.217402389487548,0.243192125076901,-0.109993172320136,0.222523944264091,0.271749114380545,-0.243356895894538,-0.092254483640715,-0.0764261494322758,0.275644387770689,-0.141888878731484,0.116057523479806
"53",-0.0082921455177725,-0.301654210910097,-0.0912474174407537,-0.253465901607349,-0.376673898577559,-0.170363693499701,-0.0720956993542866,0.0862367408081128,0.176427671033331,-0.21748292286214,-0.176142679765409,-0.0781420977086808,-0.245617966216206,0.123836672747376,-0.0854587959331121,-0.129460391107054,-0.158459592361005,0.113137993641818,-0.0203593657733072,0.0270670830577894,-0.180287678136442,-0.280166617092996,-0.104625415158814,-0.0628861867228079,-0.173026558333592,0.0938801226630136,-0.134163138321477,0.167238329677598,-0.33155865181865,-0.0432799678675687,-0.259243240047327,-0.0662960021267412,0.0242513190361775,-0.0179496823416841,0.00601045433687382,-0.0571008720873661,0.251624375017459,-0.117768353415252,-0.13959354782772,0.233319945339371,0.207649361836412,-0.0296847356414117,0.183743185274882,-0.0305459057508383,0.245159202355034,-0.0283212247207489,0.103609525100038
"54",-0.039554936973003,-0.247041194179333,-0.366119028097688,-0.283573608853167,0.0457420748358474,-0.0384310008936331,0.0332416430128747,0.166733305380244,-0.040737405960735,-0.0447600937909359,0.0118326666913532,0.221428979512204,-0.12950096784143,0.0548720119188652,-0.106188801238072,-0.133033017473395,-0.154949987053947,-0.0756912697485109,0.143345544770249,-0.126433019161906,0.0733748111974018,-0.099412078370993,0.0344348061169915,0.0733017049713157,-0.156753801497181,0.0898371414374217,-0.0763058214540868,0.0313185152990819,-0.101118960159095,0.0144372606568507,-0.252359670634522,-0.141857280367731,-0.0141347703290454,-0.185959211307451,-0.0910369415409111,-0.145374540339416,0.146923467490565,0.253643499110103,-0.191681864211639,0.317080794173084,0.231603991188154,-0.0300795883257526,0.0675565721484364,-0.129470407543365,0.0995417399897914,0.135843831836049,0.116087173330278
"55",-0.151046395044327,-0.161749344342776,-0.281017700983452,-0.223203242206229,-0.105130917161783,0.0807771450987401,0.176793292229275,0.0658271430109067,0.224552205900209,-0.209510432167859,-0.0298140044819548,0.00659963579264926,-0.0538568129342558,-0.0691517645225882,0.0121488880903383,-0.152209554749094,0.0284022127415809,0.257241281653656,0.0877152017402761,0.094815088469655,0.0899320775502498,0.0678278280742283,0.0265540146323282,0.171156703931222,-0.15283494720472,-0.0436060416832346,0.173550204045311,0.00856372891676764,-0.133207187716315,0.0580744479907813,-0.195689756942731,-0.292081818516546,0.116610199983391,-0.242029407019635,-0.0715870037889326,-0.197941166221794,0.234346392186756,0.0767542506622728,-0.00880260910810443,0.32732975245847,0.3030228150146,-0.18102351025405,7.82279313860924e-20,-0.107170717603264,0.107558351846647,-0.0781671236668212,0.0198258840774508
"56",0.0331649945743587,-0.182017117522052,-0.176978073659693,-0.134136334703457,-0.206688801062966,-0.291578981560248,-0.0518222668314666,0.101683347489046,-0.0819099919302006,-0.144890157656104,-0.173515206485542,0.102207672088053,-0.24313458772567,-0.0190098959370993,-0.148762509556207,-0.139509709373196,-0.21891337779992,0.169036118095933,0.127604405898241,-0.0298433713168605,0.160797972258602,0.0377500217630304,-0.0310908789625324,-0.0553433156221159,-0.0660327030666303,0.179397160152762,-0.149836370361218,0.124121903326711,0.104063379982713,0.0898700800094737,-0.120509804851417,-0.300263954945049,-0.127044564473017,-0.00836625866326533,0.134678184335137,-0.00552508206237036,0.0119297004290297,0.0171608743756893,0.144127395496078,0.276380642772547,0.229473178981607,0.173835209129913,-0.00570506031197025,-0.104889256323157,-0.0422127939599563,0.0928017155908344,0.0468114047087565
"57",-0.151278440746156,-0.112829165223012,-0.379467362165517,-0.313901915147963,-0.0474705876516053,-0.0280375534268251,-0.00903775479433154,0.0297491809447053,0.0913084806825554,-0.189476308554304,-0.21271248256306,-0.00505413186361617,-0.138964991126328,-0.0881111883612807,-0.121890366363557,-0.129653727369372,-0.35686521821144,0.125137663910026,0.149947759795036,-0.0803352520242785,0.0720824323892513,-0.0338078739439322,0.024373647503505,-0.139514316008773,-0.0896145478053181,0.172728199613005,-0.137473060793171,0.0737632513375815,-0.314898526328672,-0.165875474474923,-0.107595048503064,-0.152433397727371,-0.00262510199047497,0.0187444263016432,0.155330087665171,0.0810151918932798,0.217084499589205,0.0579193295843423,-0.0752774320908871,0.275523038404722,0.114057093994982,0.0325673273882181,0.17507120111225,0.137557573031451,0.140414024070177,0.128185012580646,0.354139974574242
"58",-0.218618561075194,-0.0511739694805991,-0.382097611802708,-0.00439381410231279,-0.15619961163214,-0.0450280680757958,-0.148830132835704,-0.00962205903110911,0.0607616444216387,-0.129222307338935,-0.152186738871582,0.19435721050356,-0.221447372132028,-0.155420369649479,0.0806062634699711,-0.137565663327263,-0.161834718742537,0.0721757989634771,0.0772487685993469,0.0329054944694037,-0.0671288093228976,-0.0168168602188553,-0.162048156864035,-0.0783701523801708,-0.188143214258933,0.151442309247364,0.0518633452174571,-0.044544758248986,-0.139145397892091,0.0835620427770867,-0.0912487641897905,-0.160577196380351,0.00955178204564346,-0.140360177787947,-0.0708278684862784,-0.168558087547759,0.0792011269259008,0.0561457389049094,0.00872537474627973,0.313959346720065,0.200949544095983,-0.158703307685337,0.0171508732432848,0.0354890060800936,0.171425465820528,-0.0607475153091516,0.196471211392384
"59",-0.0394800073839002,-0.170715203512973,-0.223549583144126,-0.360661839183825,-0.0962028889751248,-0.0951023159156842,0.0411848708102293,-0.0187068238628466,-0.103824829459947,0.171276645893254,-0.126351244949515,0.082861267051559,-0.251135396337179,0.144098054626156,-0.0250811553399076,-0.168810132474179,0.100022597812866,-0.0448972528661807,0.280457175451664,0.0725208204166082,-0.0651679249045714,0.00671902909053325,-0.0708028341291054,-0.0311878281302056,-0.055242798229047,0.105592728435654,-0.0649523384282294,-0.0231352102399156,-0.18910581267181,-0.18676244612044,-0.15506287703038,-0.0134397407816758,-0.106754172724244,0.0222969743990113,0.0990260607121969,-0.163577290567424,0.130015269851393,0.0578799817530167,0.220656476341479,0.185313692290164,0.166249796828074,-0.0356555330525195,0.138027171199249,-0.153431515371368,0.0841864108877776,-0.0372715804002757,0.280953271707089
"60",0.0310958274259598,-0.309720064332604,-0.353187627099814,-0.413338468010719,-0.301279961663874,-0.254708793036107,0.100159669892364,0.141257300833352,0.24263954491811,-0.09119502320886,-0.276850988743742,-0.0965186805808245,-0.120882951343733,0.123257277129901,-0.0803307310427186,0.0285150927988049,-0.0556099714212342,0.1933483538004,0.0131942515829787,-0.030495483353446,-0.0219777422604986,-0.0528256972638743,-0.0182057312375798,-0.130613243287057,-0.00962866859770138,0.118717534298793,0.0346824886621536,-0.0141002355774238,-0.425592240321773,-0.233594286210238,-0.164721520276438,-0.200020968875542,0.0115816441843229,-0.100166927332284,0.0951018784640163,0.134157562590039,0.166191238504943,0.10821085616309,0.142902793038817,0.275439784770377,0.325808677558134,-0.104349881070386,-0.0336179337952821,0.0789844070049229,0.0922033541616269,0.0589651111715532,0.155829594518644
"61",-0.0992711304384516,-0.246395971569154,-0.0732085498008227,-0.428097922124519,-0.106345332006707,0.0372710030402863,0.0811069258196952,-0.0136177006832323,0.112106006087115,-0.108728490026041,0.10632183908046,0.0870503947974507,-0.17411142170832,-0.0529841201777038,-0.105025454518746,-0.103438776754495,-0.158502438097547,0.0216969417175426,0.00295002403474827,-0.116526177484946,-0.0432606814361158,-0.128092213841618,-0.0904580887246446,0.0996436081324632,-0.226954008545257,0.105282328497665,0.17626682369043,0.153923942070686,-0.299457035194061,-0.0723270861693286,-0.252347084900155,-0.148571212252997,-0.0377991600090115,-0.202203353075234,0.132360569347721,0.118689479256843,0.249101286925415,0.118044724737944,0.0903896598598096,0.342556047321145,0.330578295020759,-0.125825993496891,-0.00285601352172521,0.100604768873918,0.244507229708407,0.0499352371555481,0.127321965315931
"62",0.0152996520516198,-0.204590693558166,-0.235755524144033,-0.24897253454648,-0.289233837501962,-0.177600047536823,0.0732484143970821,-0.0948695794637646,0.127908025842172,0.0632962104427292,-0.0286618677202726,-0.167469960079252,0.011005942409438,-0.11870660330711,0.199477930774907,-0.0417131555273796,0.264172623400254,0.0631492282723504,0.145376832284957,0.266109129108659,-0.142434029125565,-0.144040270241704,-0.000135197514193532,0.0783315478063151,-0.0759747492271078,0.145277423038729,0.279255566321154,0.114717109528179,-0.105252778324866,-0.123606658683784,-0.194095708216801,-0.0429158920093556,0.00294796767884822,-0.21200511069139,0.23023886994564,0.134542105967262,0.258011109884307,0.0700883491873622,0.0292779367155799,0.373797772221718,0.143250599808731,0.101513784233798,0.0616378290686783,-0.0750765482397948,0.0600960981575859,0.0393250198827898,-0.175803462221154
"63",0.0845856489195076,-0.321277404931212,-0.399059054164758,-0.346807536409773,0.060829492500122,-0.0908265267311443,-0.0418643202250171,0.1,0.0678552445524497,-0.148408799013785,-0.249059183739177,0.0821947013746547,-0.157527024470508,0.194367418785802,0.0618028315362735,-0.223236657976625,0.0279335784308678,-0.000373016766415124,0.223388951224131,0.016224348339696,-0.137998418296285,-0.0527426953000551,0.191183247302337,0.0568827523008103,-0.294732109304196,0.210514440821825,-0.00893449075643173,0.111876977954277,-0.356560384255617,-0.2383058043329,-0.0208878491864735,-0.192895886090502,0.0396406241514355,-0.276103409562303,0.2174465334102,0.137563970997016,0.175817515558309,0.188414217933082,-0.136531348428851,0.0811865632268751,0.152680673133137,-0.0966576206326298,-0.12391529550314,0.0492764499710369,0.240152455392911,-0.0182949893168949,-0.0638284738504225
"64",0.0125076141186369,-0.294139255528888,-0.351986394144964,-0.181083726589472,-0.393331543737453,-0.0670433423691752,0.0702213570206193,0.061087780560452,0.0129920325979989,-0.238422468153897,-0.146617500045457,0.0136843087807637,-0.156369458709931,0.022795883518008,-0.165118699399084,-0.0565230208760332,-0.0240133045528833,0.0170804356416815,0.0661930323703243,0.0898879885999412,0.0102372989635851,-0.0199542187137038,0.10708420079824,0.261730104715916,-0.182708504516572,0.0810723858898083,0.0117893561653114,0.0957836039976074,-0.189751193804602,0.0511259146587855,-0.24718120187725,-0.246482876445826,0.175733206149169,-0.123137729791971,0.130827106611419,-0.129952619609531,-0.074871851401529,0.167441356378777,-0.0728869142171931,0.256237976057815,0.152759721982348,-0.152729187098028,0.0588725198107688,0.00488286115758018,0.26154140933089,0.036037407504383,0.263981348626718
"65",0.0616938357312048,-0.226798034130701,-0.333963086348437,0,-0.0150696526168648,0.0545754322185313,-0.0697301061212432,0.0829626812158434,-0.0389313227713221,0.0187398883968767,0.0945008121198437,-0.136111409475744,-0.0532811102855608,-0.00813977150842507,-0.0966184170161963,-0.185555221887036,0.0398856432949466,0.117475549464613,0.168963286445594,-0.0231829675392801,-0.0679613931149309,-0.180192360319903,-0.197264518621974,-0.131548947132505,-0.272635479085368,0.00736728182017172,-0.187029025079625,0.212425863216409,-0.108735993458901,-0.139564267367214,-0.095783795962567,-0.119306015289686,-0.0318817637455914,-0.120597107656595,-0.0152507244266158,-0.0212183487347594,0.265901899652867,-0.0180208426762309,0.00340676027240764,0.101814613647919,0.349225530571841,-0.0439490683679564,0.0825253797849841,-0.0590787583365234,0.232721514173047,-0.258491289348186,0.223772898996994
"66",-0.0194810669066168,-0.290718668582287,-0.345834982053405,-0.290381158706981,-0.242006842532821,-0.101655552809529,0.12565070929724,0.120776807940723,-0.00459908538396252,-0.083929957783074,0.151306883167201,-0.0147305194657961,-0.129954734481953,-0.220049454184265,-0.156656908125424,0.00303478034767822,-0.155410963050672,0.012585522397449,0.226855211694786,0.0240582006472272,-0.130043712021129,-0.117532577331317,-0.00398299966339937,0.0275156759995636,-0.149015414793808,0.115146738419761,0.0342414713083813,-0.000516880212382057,-0.148046526124957,-0.197982768396075,-0.00721120511101888,-0.231563121780491,0.111813626198779,-0.107490239085169,0.0205746841529288,0.144207158170204,0.172586847829065,0.0131983434643829,0.0812026510332987,0.138482319848692,0.331666905875703,-0.0876138858651043,0.0461313180015396,0.00126383622234219,0.126284870345274,0.0844088850420674,0.197767627997677
"67",-0.0270099018853411,-0.037958556487019,-0.426976713277605,-0.23859837417795,-0.0939917266136285,0.0727101130131061,0.046043124596666,0.0569946075578263,-0.274022726021335,-0.209284022547449,-0.167133161159038,-0.048214647258232,-0.183820849466915,0.070698928580544,-0.0435423655607884,0.0645317163891273,-0.177364158378071,-0.132598922074091,0.147414607942848,0.0961167950556361,0.0906030565993795,0.065133547781652,-0.0674413174103103,-0.0797610126451441,-0.326655547984976,-0.143890790901198,0.111345650150651,0.137817915430382,-0.15052527687843,-0.124961204256097,-0.334794075309313,-0.253605905029181,0.0982638736504473,-0.0554772949948539,0.0933370442617118,0.115123602272817,0.295190713101161,0.0450885588559835,0.154266816781266,0.27654224933911,0.09669246991364,0.0301287329844134,0.0613666477141402,0.0194661746647719,0.185710919708278,0.0299002344198441,0.121294451182027
"68",-0.0354431854487255,-0.43934060644908,-0.414684586706654,-0.382202695153429,-0.203499503780838,-0.286477766159151,-0.0188118269803434,-0.169154456703315,-0.018080492721837,-0.114737648036838,-0.0398334527588547,-0.0941306466583244,-0.13626591870511,0.0374031929312737,0.0162888821465743,0.145973620621858,0.0761131020012134,0.0169667161857585,0.0901629493674099,-0.107614102281381,0.0083548812690183,0.135775614078344,0.0802877264125493,0.0585540440879006,-0.0728209912212267,-0.00513979317371681,-0.140396934274962,0.182229457237494,-0.0361715713996995,-0.0228590902279927,-0.106607039142444,-0.157140783891751,0.0864415306952722,-0.213149386732751,0.0686581291268293,0.0838803583930668,0.189464674263971,-0.0788653732130933,-0.212788685668669,0.250897020912354,0.0609624525223066,0.0202910820308155,0.021736399014782,-0.240590203788919,0.136563920634734,0.143911779057295,0.0813476137969872
"69",0.0837827106578587,-0.239715655229793,-0.143228665548789,-0.0925000200721017,-0.161762993312627,-0.164366621084532,0.103419953886689,0.0313861567043775,0.125699240957384,-0.041196414337748,-0.160211495416234,0.0108859195025533,-0.224748675090958,-0.051408210265462,0.0903604140408594,-0.246506491768454,-0.301261994354584,-0.237764613597222,0.294578014229246,0.0409300138678237,0.0755054760950934,-0.0163002108293091,0.171372014220309,-0.0881263823206574,-0.0549321780973611,-0.00889697756842391,-0.162087497859219,0.00337786775524922,-0.11342990099646,-0.0320135076894785,-0.131403132129431,-0.158081624743673,-0.00599242005541697,-0.3461571801904,0.158189272639913,-0.0126256442674853,0.21178654528547,0.131165952160948,-0.00115400449890685,0.120724839183302,0.0313158666922453,0.00800288670149239,0.0626952997113321,0.06321080036378,0.235434281860651,-0.136193678657568,0.14244724511015
"70",-0.146274522700856,-0.249420841474563,-0.136217803331572,-0.260592889093609,-0.0591655238200281,-0.101952881966439,-0.0526287991166401,0.199854563123023,0.022566773346211,0.023900333320445,-0.137571972312893,0.0120362773556202,-0.112431368210611,-0.257694060566812,-0.0649321299076982,-0.194930565607722,-0.241882766751083,0.00030211419697651,0.336635320795117,0.0464428181747801,-0.036642868728723,-0.15549917023032,-0.0238719165211174,0.195598560766653,-0.103508254808505,0.121283886515277,-0.0556441709232933,0.0608639303843635,-0.0455822091476717,0.0185405501911018,-0.0952593376828878,-0.0404211126474584,0.141096047542268,-0.0421427449144722,-0.268694826012468,0.160136080644275,0.264581380668656,0.0112070481239729,0.1544675003133,0.384553851237203,0.194051068881089,-0.113130497534339,0.317961321521445,0.0851618690541463,0.0797956806128326,-0.0151361383281322,0.184920359893808
"71",0.0437006169671517,-0.0839100689787286,-0.141919145750696,-0.105911524100093,-0.175457508437968,0.0276263738317769,0.0638545547504077,-0.0426731564198104,0.0431915326980675,-0.081706045885212,0.132492954156742,-0.134359959418226,-0.219669834061566,-0.169942621762769,0.0525115287768628,0.0946495869532874,0.0247790551624041,0.0560197224140458,-0.00485426725282698,0.135513630886599,-0.297502117958535,-0.0227155324197031,0.0486830140005599,-0.131048289991298,-0.159693722990051,0.156876785593919,-0.139282275927636,0.124317800339488,-0.0163699523250006,-0.134299774529013,-0.16957061104917,-0.112530369855351,-0.0789087393319205,0.079036008928777,0.00240108291431712,0.294792087798205,0.105050806480601,0.293678009402812,-0.053935622964794,0.407605904204335,0.284643885185086,-0.0379808371689739,-0.0311118684341021,-0.0483787681600923,0.087380798952487,-0.0405217199829354,0.0511127863609221
"72",0.0892701536657218,-0.0860031058264645,-0.404312789549346,-0.264696188174143,-0.0794059423463903,-0.143519299548695,-0.0717815144048203,-0.0851829534300391,0.0232924537467875,-0.186830565961136,-0.224084738697652,-0.0119776423579314,-0.204568712632906,0.0764008505423045,-0.0649205629127251,0.104727888283242,-0.0497426572377892,0.100654893700956,0.332178808218576,-0.0071419496862888,-0.194314358584443,-0.0698363726808891,-0.0666118565209193,-0.180502139688385,-0.155883351855034,0.0846165575499911,-0.021196921480851,-0.0578985337558557,-0.162372521187611,-0.0767965194767492,-0.240648107599613,-0.281503951839917,0.0379197639329681,-0.281763679975821,0.136088769432197,0.249763312329673,0.221415545503298,0.141151287482564,-0.0295322768621172,0.21252771186374,0.131704609219107,-0.0235555084445858,0.095869281140765,-0.164348611482576,-0.0360006634164783,0.0614946469121539,0.0403095547958928
"73",-0.0435965252886113,-0.249801339759967,-0.377012393849108,-0.118469108084225,-0.357291905016765,-0.00876038364956914,0.0782072718731691,-0.0553398050101947,-0.121123174495896,-0.233087221865218,-0.249971711456769,0.0235199831408821,-0.320069265808662,0.051358081051423,-0.0214087504821537,-0.261705559034503,-0.0895085467875243,-0.0495431683630408,0.278687299025103,0.131269136264369,-0.20444791805744,-0.175215757348821,-0.0414114310644342,-0.0446298086334993,-0.159708057413961,-0.0671926362818892,-0.0957484098460362,0.0657750660551841,-0.284367397453803,-0.124308116917178,0.137637695006566,-0.169349254382948,-0.0350055730143173,-0.267431187412443,0.202611416822859,-0.139520554742408,0.149226895787829,0.0960713617831976,-0.137776074949751,0.322792582415081,0.206219043913434,-0.064040892561727,0.078656144519615,-0.124101728120436,0.220575529822407,0.116260176135537,0.0223431637400154
"74",-0.0608919626803195,-0.156155660976815,-0.473363194546637,-0.4686846969869,-0.225117743012981,-0.157621096894219,0.0158394198300181,-0.0241183998179058,0.103957879472895,0.0919396623163574,-0.0657292719954323,0.136260116311146,-0.0824570191593811,-0.0540943731417131,-0.166172546430995,-0.223821313661494,-0.165047390046349,-0.099260275479603,0.115305206448133,0.189819158875519,0.0943767324728088,-0.0349491093734599,-0.0654838778476517,0.221271572967631,-0.236727514172701,0.226878654355402,-0.103553012760623,0.0432111820315219,-0.112673899886166,0.0214940623537739,-0.366119735618594,-0.122878381916533,-0.140975806845865,-0.049981629508982,-0.00941387949626431,0.111425589788182,0.311038780517126,0.00716850482732654,0.00358102990259311,0.224123477431983,0.199000499710449,-0.0824585534362886,-0.00978324210449163,-0.205224406092909,-0.0142100874775678,0.0821825902994138,0.0390820061759703
"75",-0.183238535986718,0.0156579188049715,-0.276267401690083,-0.174509738827063,0.107509347271159,-0.35241697740483,-0.0409830752487825,0.0112421307166902,0.159163303278769,-0.207011475979194,-0.0177764665270327,0.0554216428607063,-0.176472476955097,0.059143901986633,-0.101414271694189,-0.128479285404965,0.0354773764519694,0.124358261520587,0.0789217747921426,0.0820981957328625,0.113933025542635,-0.0645400086657433,-0.0780572679269512,-0.0317410995221218,-0.232572525355215,0.0263983246538572,-0.067439635779669,0.253322253356725,-0.168949731135829,-0.217921871786846,-0.00738587315044834,-0.0776067540101836,0.12913651594249,0.00835228920314723,0.227543509965223,-0.0884139426921081,0.092216195037877,-0.0125725327924983,-0.0842577886669968,0.192904207061988,0.240240367387617,-0.079392587965582,0.105954089792579,0.204981343191233,-0.169950534571652,0.115541381392597,0.299018776105016
"76",0.00970515626293692,0.0121131819836959,-0.398156577959047,-0.110710927438962,-0.0517650759294673,-0.113846990666527,-0.00727953978973786,-0.250399361023174,0.0931781091590372,-0.223464327650934,-0.126082047222263,0.00600563077363925,-0.24386307741076,-0.0410263531263132,-0.00776332422530311,-0.207704720491946,-0.100671505249694,0.0985938607693545,0.170807011249759,0.0982163802719972,-0.0260166177435269,0.320821918915199,0.011791581926026,0.0762520556689442,-0.107613753233169,0.200914737297732,-0.0939679740508948,-0.0345608635676378,-0.0271964146610211,-0.172084722262265,-0.33729375115527,-0.119686411374198,0.053779548698887,-0.11785762564145,0.349344978706338,-0.0304208104315073,0.300406906380323,0.211192920556505,0.155312462208081,0.354089581250003,0.143142456791918,-0.0462752543924923,-0.0660252452038126,-0.00671266017704352,0.00360969604203003,-0.0443908522802923,0.0386100518263087
"77",-0.0343671447284518,-0.277990245919186,-0.348894190482279,-0.207939470954368,-0.0872279664846591,-0.0445235947711717,0.000739083233524274,0.033250024012111,-0.0408990788690618,-0.196444638318051,-0.0772354914273209,0.00776150525706333,-0.0871660757196359,0.0765281103030357,-0.0220548347331562,0.00559219239979868,-0.102801060764728,0.217465375685096,0.270418931875459,0.095923834390643,0.183019781995018,-0.147684159603877,-0.0517347520683407,-0.043351122377416,-0.0786338941038183,0.0880867884697191,-0.231206632769608,0.0584832593118544,-0.0419377291357312,-0.121405226514114,-0.222004056245175,-0.213662915495486,0.055180481776439,-0.265315872195459,0.164622011381275,0.103002782488874,0.340298796910235,0.0914660370606962,0.2100193687363,0.128116449106227,0.145255058591771,-0.0146746755181369,0.223110249304503,0.14385038478992,-0.01383768429061,0.0572388350302877,0.146713461828778
"78",-0.0642951813977038,-0.297509459757373,-0.171145304423633,-0.158716772266225,-0.146282336600312,-0.12110597241608,0.105717785255078,-0.15747433098073,-0.156474114461232,-0.303437264718798,-0.100441529504735,0.0112064763621649,-0.146851333545944,-0.161502788059494,-0.0335772807538738,-0.41714060305465,-0.289193899860412,0.126026393698867,0.405880428373155,0.0751682019662395,-0.0569381182162748,0.0270856307339407,0.0687958561087895,0.089370636305932,-0.117091973291952,0.0299601039475546,0.16415749850853,-0.00772006557499585,-0.260379153796768,0.101338993772817,-0.102734488169223,-0.171140804763899,-0.0358889037998689,-0.229871720933334,0.0974583195202565,-0.150574084685433,0.118126755212574,0.168269440543229,-0.0116637502297448,0.242712876196277,0.151749011285849,0.0353653641996844,0.0842362420593429,-0.0621335058925883,0.0788250526558628,-0.00959482602262687,0.157403413394837
"79",0.185606833943185,-0.133436006404448,-0.265867813235855,-0.249660977566199,0.0117426105862588,-0.166561511071955,-0.0621371193163715,0.0907650738171649,-0.11801721794104,-0.295711422716095,-0.0756797700707112,-0.0107269836345267,-0.173555229871973,0.111288431177609,-0.181590682713431,-0.265286235013536,0.0114423675151514,0.231408633865503,0.00902570706011544,-0.0579014248758776,-0.0722483327362444,-0.0382228141635561,0.0618122213011911,-0.0797612929199707,-0.0609024967557876,0.289860743639105,-0.190225517493824,0.0266910872194941,-0.0867313977890917,-0.113637193397965,-0.109723302828603,-0.0665668153946957,-0.164330492354232,-0.0720609561191604,0.128749455105736,0.140449000670914,0.269305141213576,0.265230433455864,0.087289455753182,0.216937161894818,0.216979119157587,0.0309295464909965,0.261692354920814,0.190261088509444,0.129507767670676,-0.0131680955889759,0.0286259615380367
"80",-0.0781442081883114,-0.339271668026279,-0.257774812816683,-0.375233260785874,-0.308098167349914,-0.0665761264518727,0.0524529906648256,0.0945732738456282,0.139431862354454,-0.0961356445804049,-0.0778853861787669,0.0499571189386211,-0.217749251796107,-0.0169641246577973,-0.145032834333863,-0.22684399186996,-0.13196932784297,0.0954721635641551,0.288751984314982,0.0200718773270677,0.0127594609596036,0.142187566048234,0.0159461660145871,0.0768549916387003,-0.181585938529359,-0.0458584591045783,-0.0141499517806848,0.15757527907479,0.0150481390260667,-0.102557404174736,0.123948622807838,-0.153432071765684,0.0226432751808289,-0.0600826014887995,0.0820792448998171,0.0769030940562802,0.246523010210711,0.0577240414067497,0.0316313749447677,-0.0320455080689574,0.109671557370511,-0.207388270328015,-0.0072694324216894,0.0133743569064698,0.130675412047144,-0.164342678008742,0.0538667035777937
"81",-0.168754634537077,-0.164046735636477,-0.406081224368123,-0.356114908322027,-0.216185378284449,-0.173192196281598,-0.00489244786048249,-0.00106932168280078,0.000248792307830799,-0.238861903501885,-0.0948231800621094,0.0200627053788912,-0.147796508270182,-0.0333756514091664,-0.116775033941562,-0.149819834245451,-0.282066008242314,-0.0621137121304808,0.233172923506715,-0.0123611241784478,-0.095716106204346,-0.21219546144033,0.0192480001711466,-0.00203736998896614,-0.0875036564142525,0.0170978213478871,-0.115568726042525,-0.0433320472440447,-0.139687550274502,-0.125665318987948,-0.304716829220236,-0.136411441875956,-0.115935693092298,-0.233149303894087,0.0130268015279553,0.15985479886416,0.146644993199874,0.0165767733850078,-0.0940016044267554,0.197419277697254,0.0779246306150626,-0.0606217782649107,-0.0389268860495735,-0.0870846932564938,0.184819007071884,0.0510687480391898,0.161848260398866
"82",0.118244772853455,-0.315762125904886,-0.200196592398427,-0.345094513400786,-0.0864851402664386,-0.105157428101936,-0.0877197397762636,-0.170008075319672,0.0386051095622707,-0.0637455258311677,-0.252407760220154,-0.0277826781531847,-0.107384194896889,-0.0354347444130897,-0.0478063611119237,-0.0275926191251546,-0.0669058829888172,0.123985393040493,0.326693771092242,-0.0173042580092525,0.0733007055362551,-0.146013146689261,-0.0780201814661928,0.0158333488805817,-0.253245565561351,0.0250374168560702,0.0462750471320145,-0.285696948156351,-0.207429405505846,0.0630239230063581,-0.155209825309972,-0.180613806315452,0.0512779431626394,-0.484451506345094,0.20155249291206,-0.145186731081515,0.257026609358396,0.0492242023629089,0.105263957870098,0.167633996679803,0.345823559707669,-0.0964307274185394,0.0224581389700372,0.0324531614350704,0.12238393143801,-0.0967377138936979,0.138488719921533
"83",-0.111976707422253,-0.175559705565464,-0.23181860475687,-0.242783262434216,-0.319431969434006,-0.160484112013585,0.0738585283585978,0.052550971532621,-0.13892963541873,0.0257963345636679,-0.0615077190754772,-0.20886320649744,-0.156628216798448,-0.130820568119088,-0.073896474305605,-0.322555630315198,-0.0685762382744947,0.0831364945216249,0.27065813219219,0.0767702632671485,-0.138237506051399,0.0864906794120454,0.0735672523623838,-0.105826598138178,-0.155136127436307,-0.0252674643248636,-0.35415297680458,0.139582458964739,-0.264684034735883,0.10897674391194,0.151614420204702,-0.127332567419036,0.162659183843044,-0.203251903455592,0.1241666851739,0.0524525894903882,0.353657830194524,0.345671691644877,0.04127075343331,0.219698754216329,0.115120226550769,-0.0732367833246849,0.0839564875734072,-0.213876091819909,0.148576229535641,0.165158240578879,0.151202800475682
"84",-0.0619665708512425,-0.249573330865162,-0.10374912234678,-0.175655536788819,-0.392218465722807,-0.203182511274446,-0.0061258113169337,0.158332452615038,0.239160607404096,-0.222515980721123,-0.204788520667004,-0.0688557482798398,-0.106580981578867,0.0497246457564703,-0.0401786720906884,-0.259592661655545,0.204164225211148,0.198250718216771,0.260029436316662,-0.0912773352020056,0.204699825152709,-0.0184123444980199,-0.134404275263115,-0.0374350236713385,-0.253799411710296,0.242293628798306,-0.290391766433821,-0.0506383640346835,-0.0653433677987764,-0.127395234077549,-0.121587500189863,-0.0511333198948957,0.0803349806344121,-0.159703108854893,-0.0386336892053194,-0.197676182021129,-0.0952634992188889,0.015549608112087,0.137060503443146,0.272852055701501,0.284767651256615,0.131678899015601,0.126073422234566,0.0509137471658511,0.147054472321755,-0.209514158299128,0.140619553392663
"85",-0.140701765925955,-0.222428919222144,-0.429378575246863,-0.257212684623151,-0.103688484894709,-0.0540152264030706,-0.0605747283869763,-0.10605626717012,0.0972848748277839,-0.0584705346204686,-0.0799361809374681,-0.0924033404938175,-0.191830170215648,0.0593137594673437,-0.102039365048349,-0.0228898565003116,0.0502320745664557,0.0212985433756341,0.0540853749226658,-0.106098820223185,-0.0313246067258249,0.147413958469617,-0.269924697497862,-0.0549999046151805,-0.148810234648073,0.0741014055279917,-0.019381621517644,0.179556258309822,-0.236124671319017,-0.149490322978394,-0.0416707519453939,-0.123289849431129,-0.136663904662916,-0.179829020870637,-0.170971790048702,0.248503865602387,0.210985900399112,0.0189001592378937,0.357987715403677,0.145353364897941,0.178506217786663,-0.162526665825294,-0.0739183796781781,0.31796688691823,-0.0341103586232054,-0.0231226984892991,0.107226323338687
"86",-0.0938770143846671,-0.124262761952607,-0.102830167803162,0.0301692825989325,0.0341012065840371,-0.00282003993890669,0.264548482173062,-0.171028713419266,0.122874078697202,-0.10942446942246,-0.0566190453306217,-0.00613704854510825,-0.205753864034436,-0.0687772473303475,-0.0411282959031116,-0.116091022017929,0.022467385917925,-0.129772769011819,0.231090845069247,0.061514729619937,0.213718683496964,-0.0543744002103848,-0.063030719418821,0.0860121687278848,0.125137565929421,-0.0537495125582563,-0.00453098230553829,0.00775997803483702,-0.220857641668289,0.124634498649057,-0.208518588868976,-0.26991182885492,-0.113804545106051,-0.16042342293663,0.143988978379497,0.177520028146146,0.13482757747094,0.156881612710953,-0.130696199825446,0.0721300506256806,0.279469139777771,0.163123180545295,-0.0203531000530297,0.00962437329865705,0.237736909061654,-0.0535227611877192,0.186307119298843
"87",0.00804454418717751,-0.291684304077296,-0.0704583904267583,-0.237513822894714,-0.229186341743776,-0.0666105986982071,0.0935938767371295,0.00886571508172888,-0.0698407583697128,-0.157777690075153,-0.135714285714286,-0.202567249889006,-0.0880267354441903,0.118897506919584,-0.301735528181422,-0.231842294293192,-0.226394152960858,0.14336247777044,0.294427276430572,-0.0102874513320565,-0.353662216641429,0.0666048876587518,-0.0844332253313672,-0.114408612693472,0.045780531964233,0.194375423640951,0.192907949395746,0.181975312936723,-0.222466413676084,-0.315789793037578,-0.15367161647546,-0.0876133820686737,-0.0138510139368418,-0.122496903639195,0.0940979534041785,-0.0812944658046787,0.156174510290249,0.0962006800203258,0.157092994459749,0.307266900938482,0.16775202852141,-0.00371547656371218,0.140569493150477,0.201181778701741,-0.0784363007160424,-0.0906105469087538,0.0809755995917407
"88",-0.151388605813045,-0.0839586502339121,-0.355524082794623,-0.140525065242823,-0.0925282786952943,-0.0947552286778948,0.170014535100424,0.0124470710395976,0.132262565540618,0.113274718675628,-0.144357079215535,-0.114973175640468,-0.190107497186868,-0.0108623541043759,-0.168852833783983,-0.226906075852217,-0.103403061632713,-0.0757100116801619,0.0637888499876305,0.186319336291735,-0.0968713114141216,-0.0314674609915574,0.0399498592252708,-0.0499363625716135,-0.0181084422436227,-0.135118786872782,-0.107322857495302,0.260558453995211,-0.144657610970528,0.0279635007593402,-0.102261039927417,-0.088616168683147,0.123838058156798,-0.0322931392579792,0.0835880361693803,0.229479220008393,0.316924644896794,0.180260017058712,0.000662546948704971,0.287714786463465,0.150797499272538,0.0766671438808448,0.00936987836180935,-0.139218161884522,0.123765517011007,0.00710543464500386,0.0191631608889011
"89",-0.09933864818806,-0.0523483901766008,-0.219043794451647,-0.229739966694396,-0.193939088080147,-0.108799280914634,0.259972850908266,-0.129684748229686,-0.0814868470472374,-0.114321879504535,-0.156518559107289,-0.0640947830598321,-0.258782232259822,0.0501397301280475,-0.0616756322909453,-0.09711208662882,-0.198377357946248,0.0124057639652576,0.0557168410795173,-0.0194923993041617,-0.0482373256806632,0.0690019053671293,0.0892051550175079,0.143977267388364,-0.16135925997948,0.0688813916509267,-0.149626248593357,0.0770671245770516,0.0560847426618908,-0.20524954438143,-0.147677965805864,-0.0341127376957267,-0.142609110830599,-0.0214506274542457,-0.0474298425161052,0.172143174945104,0.0627908655097831,-0.175193414313334,0.0717721396471513,0.084167242875328,0.130971342706313,-0.0541922009325642,0.198687040496288,0.0574376417224723,-0.046624160628309,0.113982540295823,-0.0290778139025412
"90",-0.119498858319566,-0.0970097228223103,-0.0624299735827069,-0.377499818993518,0.00473139988599315,-0.196045589697809,-0.0704721691935034,-0.148878339802334,0.222611328488531,-0.0225872906582454,-0.152209658816568,-0.0427092540999127,-0.213222255044998,0.0122800797612267,-0.075709828335555,-0.115079073188682,-0.121743443306326,0.0126567938462622,0.221307649953926,0.111363661130638,0.119287747615629,0.0896377553722097,-0.0322785699068553,0.0792772367205192,-0.185615185291891,0.0140033443586102,0.050958928156203,-0.0332324658142375,0.00316618268162384,-0.143164142996491,-0.307740238126144,-0.0931458685011593,0.135580642221684,-0.25971920716172,0.10920501968495,0.0318679002842246,0.0348389321283042,0.202091801881372,0.190629672551347,0.0721928180324244,0.0925453532310217,-0.0966992142926133,0.277550983434642,-0.0631912397506458,-0.00999443674468292,-0.106987336827036,0.205852190821229
"91",0.0452488045311209,-0.286682406365245,-0.315171611177484,-0.179748539245138,-0.177486182693645,0.0504232504957187,-0.0257123752248055,-0.0535309613942584,0.0633400957195944,0.046407834600812,-0.298859848022639,0.162726777266644,-0.298964716967314,-0.0514807924379934,-0.224421628787483,-0.123970717431637,-0.275910464419509,0.0146221081529821,0.269573567749,-0.000664784168286111,-0.174754388396899,-0.0455824524201519,-0.0569933561451835,0.0750958466844759,-0.0558389866789051,-0.175989657653992,0.0196896674080436,0.110350137506118,0.0882102398725533,-0.101121422017836,-0.359428469666957,-0.0607914116101672,0.0499009126134847,-0.149876674707156,0.0797579034028371,0.0786933101019286,0.256800223194886,0.244260843897484,-0.13991774971018,0.269781274901466,0.147168006768227,-0.0725099085410691,-0.0969874307535031,-0.0965363908319092,0.169819516614198,-0.0114675845927986,0.0940638101788605
"92",-0.117481063418981,-0.359233381355565,-0.309759232468643,-0.38349843540489,0.156129954171526,-0.0309645179269234,-0.077590218281757,0.208224588475593,-0.0559223300840419,-0.309309890535705,-0.256701338563195,-0.0388453158904563,-0.0618357353547735,0.0310793990952339,0.00950258535899841,-0.139578998156476,0.038333671581685,0.0802011552542188,0.215485135018362,0.00190258372839882,-0.0684508384935933,0.0137270596439346,-0.0130811670520235,-0.0690664345477404,-0.118539938291491,0.174306613503598,-0.163464272131622,0.0635768722018813,-0.212130843070694,0.0571437347195023,-0.258839330942604,-0.328024925152197,0.145485539185643,-0.00992238350554901,0.0229809471754966,0.0768175459469481,0.208192116535079,0.0492275669899941,-0.0231234508307528,0.176666996644312,0.311174262267516,-0.0749017584626256,0.0111269517806633,0.0911834437064423,0.277330497521166,-0.0156161297182746,0.168854844976602
"93",0.131657333322993,-0.119553406837036,-0.404930502793618,-0.326559582092288,-0.216770679495852,-0.0690937183306026,-0.0805645645734307,0.0230467463354637,0.0028555116021671,0.0917190842784223,-0.208082095076854,-0.0223606797749979,-0.285013039056869,0.0423485570821964,-0.129396181946349,0.0641012997895929,-0.308252707999039,0.17570011222913,0.0807700366433749,-0.0811844562315461,0.146628755445066,-0.0738711198205809,-0.0352098468182704,-0.261141569261997,-0.0214259411731318,-0.144476231375499,-0.0647452712720311,0.0524228006678092,-0.0414948224402202,-0.0841917303151669,-0.345441777441494,-0.0474931973060497,-0.0483105590490138,-0.289940037186324,0.0320896737367294,-0.0220761041356932,0.10170820758233,-0.00939230445689072,0.0294651136502066,0.24395374540544,0.233849053892861,-0.162340858516468,0.0664802409219211,-0.08209560377523,0.0995129945208073,0.0279142981944497,-0.0670237801800219
"94",-0.0612033192617932,-0.293801826677549,-0.270630930238328,-0.099415302737647,0.000170915898086413,-0.105674123796943,0.232748331870681,-0.147346767205342,0.0386406750265815,-0.263059539058157,-0.142576766407287,-0.0709353895510069,-0.0998156999105061,0.00671780407190966,-0.213051991546709,-0.0583967448534665,0.0491601409752745,0.0596343695051503,-0.000928320250093799,0.144531215803208,-0.130823916442866,-0.191216918364786,0.0552013394846401,0.111413012730483,-0.160848326644679,0.00337235853309861,-0.190486408404611,0.0490901800042031,-0.0683155034630724,0.0965674244803057,-0.232042406662452,-0.225168891882545,0.0608422769823803,0.0600450923045001,0.184012580413526,-0.118300399480281,0.15470601188498,0.218732789722051,0.0528580032577646,0.167004701484624,0.268869312029336,0.022358217592945,0.00149031152615394,-0.234152998578034,0.151373536510734,-0.217005729629696,0.168005330725392
"95",0.179132387007317,-0.127140334442211,-0.187717567589945,-0.306654817647023,-0.170595183302299,-0.11375405773567,0.0785879975248711,0.029030901771284,0.130958453149875,-0.368034781535654,0.0361662017980425,-0.0984477205325678,-0.137067625171792,-0.115344987244304,-0.15224292037369,-0.0405223850657723,-0.0546149460487742,0.0603318427257058,0.20504560828408,0.180035291834694,0.011558501580522,-0.0567656784933342,-0.0166567189856205,-0.012644817243751,-0.145380306087474,0.0910332376048709,-0.193694403664952,0.0957572670833136,-0.0950292417971572,-0.0424702967900793,-0.0424734422352603,-0.259737680461781,-0.0879074125332703,-0.172545603535751,0.133064151829639,0.022879617144514,0.00125669178266916,0.28365549678105,-0.0394773451379956,0.221422640002567,0.157385508720161,0.0329101340482977,-0.0610505343032918,0.0546349242483435,0.13413925226331,-0.00875888730011063,0.101980156630112
"96",-0.161103020268444,-0.311236440331412,-0.142939776148778,-0.0758843495831512,-0.0960548506447069,-0.084705499298252,0.14415936911274,-0.0652471841344197,0.100997320238532,-0.135546207938855,-0.169156224464924,-0.326624150879734,-0.135972154054505,-0.142838175322167,0.124987323491322,-0.311153226757707,-0.116763002401243,-0.0132205259796691,-0.0540727759689864,0.0279921206973875,-0.141036794384128,-0.311487008055243,-0.155908545900548,0.12746055421059,0.0401218383704626,0.154982630404467,-0.101686054488141,-0.0404354752269221,-0.0121115039300806,-0.126243816320033,-0.179685540508717,-0.105442848877947,0.145574243824642,-0.18368383857739,0.135414486131384,0.130390217532216,0.227683739251112,0.125315636368378,0.17767809861223,0.176177761082649,0.256812079613573,-0.26282435285906,0.0195785154482677,0.0187504679921781,0.0968744964782863,0.037118164234688,-0.0136436705595514
"97",-0.0548587447088178,-0.112006666595963,-0.331834321322667,-0.356034573380153,-0.0348107748655715,-0.1606572680071,-0.0445424105032544,-0.0555672077780762,-0.0757802921753453,-0.206617893067784,0.0252191956213645,0.0144210837619786,-0.115330660331444,-0.18369814250929,0.0577181511993981,-0.1102281700505,-0.167325447510669,0.06677699333246,0.0776661095123926,0.0284174514584355,-0.0813631502378361,0.022533505416393,0.0707347631278444,-0.0645064584129671,0.0734427025278441,0.0818133099184957,-0.125095100630359,0.0215669395536867,0.0156689405610089,-0.0233957119371625,-0.134301063855895,-0.167385828165318,0.0278026710492048,-0.284931817732287,0.102065958849727,-0.00392476768888651,0.103658826640541,0.223440628465827,-0.157531130710273,0.261476893330666,0.241315405378096,-0.0508983426686708,0.235829767301057,-0.0103234467220171,0,-0.130743634210185,0.145059995012644
"98",-0.0920246768515413,-0.107277383748007,-0.323427878161905,-0.244947748294907,-0.145831223528815,-0.25454507204181,-0.16768385067314,-0.0868896227445743,0.118472883631078,0.022929850891586,-0.0177557490827333,0.0139511000029866,-0.0465182128449323,-0.0124381152077027,0.0274240411705989,-0.2609527764192,-0.184363748190797,0.0380038374196926,0.264308033480223,-0.00887679386201891,0.0120830587647411,-0.0179989708155478,-0.000423726379056812,-0.0732680494911901,-0.145007147903499,0.126475415276313,0.114000669686356,0.0560289649685383,-0.216280139651969,-0.213496272481493,-0.212941142940804,-0.116094865933847,-0.239138573844853,-0.275049687393061,-0.0900952305172809,0.0773632024757181,0.237787606257055,0.0989765935364475,-0.0569077932365957,0.182336035244686,0.141089678914637,-0.0811850542712787,0.0343604066372025,0.0121965287147507,0.137785560414934,0.0205265066889267,0.00652841732631038
"99",-0.0552585481398415,-0.196156436144151,-0.085589519650655,-0.301296746706844,-0.170506546997038,-0.00389863837378578,0.0290161080571161,0.0746457024621344,-0.105475509739013,0.027379434469063,0.0560322898942991,-0.00463561278028152,-0.209463653711506,0.155193573930731,-0.148081696129494,-0.0920578709372387,-0.0144144458496703,0.0554996376914575,0.32325487501342,0.0352676745855926,0.0234532584680698,-0.193744116775256,0.159386061786199,-0.0147538386872469,0.020966569280349,0.0322197476300362,-0.174685030763719,0.0295553985566729,0.073254189421917,0.10250576611152,-0.188074003170978,-0.315040228231245,-0.0657199333647111,-0.0992782193920286,0.264707845285527,0.0504920530588095,0.274583065444832,0.07649151390305,0.111191618806505,0.214445904250512,0.23778593427959,-0.026870921304793,0.026031818777449,0.130064379864064,0.0873777596683148,-0.100855638137927,0.0954335143586535
"100",0.0997386375667218,-0.180036581035341,-0.31216482836809,-0.336830380268248,-0.174557302115396,-0.021885751560385,0.0272561533623723,0.242326345443631,0.1050828379273,0.0635799569636551,-0.195003641428528,0.0554076938285731,-0.282782400606091,-0.0563563976596161,-0.089812676427989,-0.17062354514123,-0.196759114919816,0.174550141723824,0.0567005714314961,-0.137884621874746,-0.234220574835506,-0.173268375142613,0.00862752672969655,0.0357876352329211,-0.304981154426457,0.0656676309557109,-0.215778217848587,0.0172457030902264,-0.212669880648794,0.103563675938297,-0.200846090541816,-0.147087953818019,0.0684811458172853,-0.235549346517715,0.0836080263074739,0.208399366891746,0.21086320773735,0.0550145733421394,-0.019384613041079,0.280166300482636,0.120827001422525,-0.0608791171283159,0.138258095781658,0.0714817190977021,-0.0163284379468975,-0.0121176419623718,0.0245010469022856
"101",-0.0330996448961685,-0.201746579037173,-0.293181005014239,-0.226623997273472,-0.143586392603158,-0.0918261258797274,0.00229547393991515,0.00465589304946949,0.0201517376512378,-0.110670871059133,-0.106923442330106,-0.0232286867463855,-0.181299527631438,0.00622596911049558,-0.0499982561958388,-0.13711291269793,-0.100822982110257,0.0558779913789491,0.137304276814128,0.0302425843021046,-0.0319956435968196,-0.0550597401681036,-0.0266055244422109,-0.00392211895537819,-0.13228846229407,0.0690836350459323,-0.0641000979401396,0.0541036642118613,-0.126125963908444,-0.0888306947969038,-0.158993783746923,-0.157139408919261,0.00295245390880618,-0.173493942270886,0.073567891687846,0.0331605894513172,0.190476559405802,0.121541704414954,0.0275197356761725,0.210978323528457,0.206049952151067,-0.053297518985462,0.072185031556852,-0.0204072716217222,0.103845097236479,-0.00788271408363387,0.106217557519352
